gold_per_min,level,leaver_status,xp_per_min,radiant_score,gold_spent,deaths,denies,hero_damage,tower_damage,last_hits,hero_healing,duration,radiant_win
3257,87,0,2795,32,68665,14,103,56918,21064,634,0,1374,1
2929,133,0,3613,43,95930,56,58,149502,10130,979,10,2302,0
1999,79,1,2248,18,40970,28,66,70231,4652,549,8227,1480,0
2804,106,0,3207,36,68820,27,47,79396,21075,674,395,1694,1
2836,144,0,3599,40,121220,48,52,158146,14525,1609,1332,3112,1
1849,105,0,2619,22,55980,59,46,90437,2964,499,481,2087,0
2088,115,0,3102,20,61365,63,38,104673,2909,599,1408,1996,0
2643,124,0,3555,40,72160,26,41,100000,21124,736,12297,2027,1
2101,109,0,2667,23,66960,49,52,74737,5273,656,5007,2069,0
1655,75,0,1903,12,33795,53,50,76654,1938,237,0,1526,0
2791,137,0,3815,67,91040,51,57,154596,24471,734,1469,2383,1
1947,88,0,2140,16,49985,49,49,81917,2584,502,400,1822,0
5199,150,1,9061,26,131385,58,32,121911,5561,442,5932,1531,0
2397,122,0,2866,24,88200,36,51,112321,16475,1077,6992,2372,0
2460,139,0,2954,25,115805,73,64,217960,10267,1325,10833,3250,0
6091,150,0,8220,34,161360,26,42,143473,15698,667,0,1719,1
2038,89,1,2153,17,55095,42,70,67141,6221,538,4045,1889,0
2312,75,1,2337,36,44095,19,50,50351,6598,384,4087,1238,1
5295,150,0,7475,44,152125,41,54,165052,10548,457,935,2065,1
1949,79,0,2034,8,47535,31,43,49193,9186,573,3911,1576,0
2031,112,0,2771,25,61785,52,27,77233,1771,557,5789,2112,0
2891,130,1,3131,34,138975,63,26,198477,12919,1562,25759,3525,0
3113,148,0,3840,41,130290,25,80,151503,25210,1687,15938,2957,1
2827,140,0,3782,41,123760,56,73,178955,12863,1317,0,2757,0
3078,141,0,4203,50,99395,41,69,114407,25065,1023,0,2222,1
2854,124,0,3667,48,72840,35,49,89131,23532,750,1288,1932,1
2722,146,0,3668,49,108205,59,37,184857,7428,1152,6318,2865,0
3120,146,0,3906,43,126020,61,52,222610,18195,1617,8334,3127,1
2690,111,0,2908,26,81380,41,38,85821,19525,878,3226,1980,0
2599,104,0,2945,33,74095,21,67,97384,26976,578,1002,1791,1
4829,112,1,6715,21,64325,15,14,45556,12814,276,0,885,1
2733,137,0,3479,30,113675,40,47,154644,5644,1496,1990,2722,0
3001,142,0,3945,56,114375,52,51,164407,22025,1165,0,2603,1
2293,76,1,2596,18,35830,9,28,37346,3526,402,178,1120,1
2054,131,0,3209,28,72435,62,46,106026,3369,620,587,2427,0
2972,149,1,4125,63,123000,45,66,238649,23517,1279,6651,2892,1
2655,150,0,3587,52,115545,64,72,202330,21769,925,240,3245,1
2879,142,0,3844,40,116475,53,55,143061,17379,1129,6091,2670,1
1941,37,1,1619,4,13480,11,16,19017,0,169,0,619,0
3249,150,0,4166,47,156465,61,77,288161,15351,2125,9470,3622,1
2581,126,0,3394,30,77645,32,93,121896,20569,1044,7282,2227,1
3280,148,0,4252,52,113905,47,41,182872,23097,1342,10189,2443,1
2216,115,0,2881,19,67555,54,66,102075,5970,743,3025,2184,0
3986,129,0,5112,31,86140,17,60,72058,26410,682,280,1553,1
2134,126,0,2955,30,80260,71,47,153678,10628,836,19843,2546,0
3129,139,0,3689,34,119695,55,49,207013,4377,1389,8588,2829,0
1858,100,0,2463,24,53535,62,30,87112,3394,490,768,1960,0
5054,150,0,9205,26,111110,44,22,141071,1771,489,750,1750,0
2720,103,0,2951,22,70195,39,50,100131,9023,764,400,1734,0
2672,148,0,3566,28,117365,62,60,208149,8528,1444,10,3289,0
2701,134,0,3709,31,86120,55,28,136273,1287,809,3049,2297,0
3423,150,0,4306,55,152910,74,71,248508,13588,1611,330,3102,0
2675,97,0,2852,34,68925,14,56,84077,20667,691,7660,1655,1
1830,95,0,2373,7,53430,38,26,64264,2958,615,3077,1867,0
2778,112,0,3016,40,78735,26,31,112766,25208,778,29425,1970,1
2549,149,0,3831,33,102490,59,56,216452,8710,1396,0,3071,0
3698,63,0,3159,26,40025,19,0,18856,6147,71,711,729,1
2140,112,0,2617,22,71595,47,72,105569,6306,796,3986,2205,0
3653,149,0,3958,51,171005,55,102,310899,26970,1993,5229,3657,1
1961,113,0,2640,19,59580,48,51,97884,2130,670,400,2193,0
2633,111,0,3081,29,71060,25,66,95169,13428,756,6251,1902,1
2520,146,0,3833,30,92585,66,81,178394,6417,1140,7908,2814,0
2886,149,0,3703,48,124705,35,108,178935,25911,1622,300,2927,1
5145,150,0,9375,25,118040,30,28,104231,8383,642,1804,1491,0
2693,138,0,3556,50,98515,53,44,158781,21759,912,13549,2659,1
2506,110,1,3212,24,73200,36,65,90377,12779,922,2950,2034,0
2926,118,0,3575,54,79495,39,97,120551,21613,839,10838,1901,1
2583,126,0,3336,28,84210,65,43,131195,6278,928,2374,2270,0
2385,124,0,3484,27,76320,40,71,143419,6471,849,2641,2165,0
3214,150,0,4119,59,166160,59,92,339616,10402,2069,7198,3793,0
2193,67,1,1794,18,37905,21,37,57945,2370,365,0,1405,0
5654,150,0,8701,37,182210,38,37,211410,18653,868,7205,2130,1
2513,133,0,3466,45,74835,65,52,133105,12438,622,4584,2372,1
1760,102,0,2381,21,51355,64,34,87334,622,487,73,2096,0
3080,121,1,3052,19,102880,47,41,97874,16910,1291,1084,2391,0
5683,148,0,8194,34,126650,27,13,119032,19655,452,19159,1484,1
2992,127,0,3748,37,84470,25,75,108589,24349,910,16889,1975,1
2986,130,0,3676,57,96360,26,58,117262,16873,971,1920,2114,1
5975,128,0,7218,26,93245,12,23,65076,23083,416,6424,1061,1
2850,130,0,3161,29,103070,39,63,127309,8778,1043,365,2540,0
5896,150,1,10327,35,158020,56,45,222110,5648,575,9029,1780,0
2851,150,0,4128,55,108405,55,57,185518,13461,959,290,2836,1
2758,149,0,3952,49,112275,68,55,217652,20161,1096,22320,2842,0
3277,129,0,3508,37,112650,22,82,103186,21127,1043,682,2212,1
3093,144,0,3992,28,121115,32,51,141866,20095,1535,8563,2484,1
2771,150,0,3589,43,121115,40,64,154232,20579,1411,2983,3376,1
6686,150,0,9165,33,216370,37,29,172404,20098,1317,3211,2264,1
3011,114,0,3237,44,83705,22,94,103786,21799,843,2080,1952,1
1998,125,0,2823,28,70650,45,45,90460,3492,881,2763,2493,0
6195,150,0,9838,63,212270,54,17,287208,16506,813,0,2692,1
2676,126,0,3432,33,85975,45,43,121250,9901,829,4790,2114,0
2911,135,0,3874,47,83490,39,48,99343,25305,935,12,2204,1
2642,139,0,3317,37,113730,60,43,154551,6121,980,5277,2741,0
2626,136,1,3786,48,95150,67,59,191842,3878,1016,21364,2781,0
2698,110,0,2969,38,75295,25,45,87149,21665,626,0,1956,1
2443,144,0,3413,28,90810,63,70,125601,7400,960,1032,2873,0
1965,88,0,2254,14,46875,38,48,43234,1304,585,8837,1674,0
3007,27,0,1544,16,17675,8,5,6270,7822,48,20,396,1
1943,95,0,2408,17,53035,56,41,60380,2456,495,727,1819,0
2840,149,0,3495,53,147100,60,54,197118,28145,1421,45321,3828,1
2272,58,1,1798,10,35620,22,28,53406,8136,202,730,1193,0
2349,139,0,3370,45,98440,49,41,188502,3232,979,205,2713,0
5257,147,0,7859,27,117925,28,17,92680,13938,503,0,1432,1
2737,116,0,3139,39,76090,26,50,85206,16579,679,0,1957,1
5567,145,0,8694,34,105535,31,26,101683,11755,409,3872,1188,1
2660,122,1,3417,39,79850,44,65,109696,17149,861,400,2258,1
2430,131,0,3233,42,85415,28,64,111523,18125,975,10475,2573,1
2876,125,0,3288,41,81775,24,34,104873,22802,855,240,2139,1
6021,150,0,8816,37,134775,24,15,110635,20786,520,6083,1430,1
2688,94,0,2761,28,68170,15,83,69792,26572,594,559,1553,1
2789,145,0,3734,54,109105,52,47,212272,17618,1111,1939,2801,1
2973,150,0,4044,59,127360,45,64,232829,23281,1451,14369,3173,1
5781,131,0,7674,26,79825,6,40,55145,17247,354,8267,1019,1
2871,138,0,3831,58,96340,33,43,157343,16333,918,5273,2329,1
2329,109,0,2862,15,75105,56,49,109864,7242,866,1199,2101,0
1844,84,0,2148,13,51010,29,77,66976,3339,496,0,1676,0
2342,117,0,2940,26,77540,55,34,119744,2117,795,4753,2382,0
3636,150,0,3934,54,176820,62,57,265502,23676,1971,4370,3415,1
2669,109,0,3319,51,68595,31,55,112495,18838,550,2922,1763,1
3093,137,0,3513,25,114140,43,28,192754,9263,1562,75,2667,0
2495,137,0,3412,37,93740,59,62,153333,19227,859,3884,2637,0
6169,147,0,9542,29,92290,21,26,96332,20809,550,3434,1186,1
3094,150,0,3807,64,175045,88,59,390406,27181,2063,495,4302,1
3051,140,0,4226,68,102610,55,40,177996,20646,845,7140,2180,1
6343,150,0,8901,53,237235,67,27,238911,16556,1008,9019,2806,1
2453,131,0,3179,22,93410,54,55,150759,6907,1230,3038,2564,0
6044,150,0,8569,26,162080,44,29,150180,12288,761,2299,1951,0
2847,150,1,4116,59,139405,64,65,232217,15790,1620,938,3474,1
2667,145,0,3628,31,104810,63,58,188547,4966,1258,365,2898,0
3117,112,0,3553,37,76825,25,19,68285,20266,856,3312,1680,1
2655,120,0,3284,44,83300,46,28,107132,18488,831,1088,2110,1
4225,144,0,7228,13,102600,29,15,116880,3085,530,3860,1509,0
2708,150,0,4178,65,103690,74,58,167709,17498,761,30972,2785,1
6314,150,0,12747,32,147555,41,22,143743,19419,433,4364,1436,1
2786,145,0,3851,46,101695,38,51,143175,23123,909,4859,2651,1
5697,148,0,10472,26,114435,39,11,93489,16464,327,887,1284,1
2966,150,0,4252,58,125305,52,58,253650,24856,1427,5753,3115,1
2229,118,0,3017,32,70310,56,58,141101,9078,689,2499,2170,0
3143,150,0,3868,57,163710,45,67,205679,29947,2104,3734,3916,1
4337,131,0,7706,20,68415,45,21,69436,5477,268,2035,1035,0
2731,142,0,3917,45,101455,32,62,144487,23706,994,7365,2562,1
2733,122,0,3206,28,83765,30,68,104195,19853,918,4768,2131,1
2397,115,0,3350,16,65880,44,48,93441,10811,897,7548,1882,0
6771,135,0,10074,36,85015,18,20,77678,14071,242,1200,845,1
5614,150,0,8181,41,160375,42,26,250392,13218,602,8415,1916,1
1932,110,0,2811,26,48665,64,36,90267,1742,384,473,2044,0
2370,127,0,3032,23,85520,58,77,170053,8512,1154,12668,2487,0
4425,141,1,7272,23,95185,27,25,84229,2829,255,791,1360,0
2654,132,1,3203,55,116835,68,82,198716,8504,1336,525,3677,0
6077,150,0,8962,48,186760,47,10,237075,15487,731,450,2180,1
1973,120,0,2807,22,67415,61,40,77212,2649,747,0,2356,0
2868,142,0,3537,39,119910,39,50,188725,30126,1321,15272,2779,1
2774,116,0,3550,66,75560,49,15,109939,14095,316,4907,1865,1
2718,104,0,3040,32,73475,28,64,73864,21510,759,932,1743,1
4578,139,1,7774,16,76790,28,26,57981,2941,360,1318,1192,0
2236,127,0,2938,26,82235,48,43,110737,3006,978,14798,2514,0
3149,150,0,4026,54,144910,52,89,211061,22674,1766,3203,3323,1
2096,103,0,2578,21,59085,51,68,78847,6904,758,1708,1937,0
3110,146,0,3754,44,136005,72,60,203900,16408,1774,355,3396,0
2719,145,0,3550,27,107885,38,56,155928,8449,1692,1341,2878,0
2897,149,0,4230,50,113860,44,54,183487,23891,1164,15940,2640,1
2777,117,1,3624,39,82560,50,35,136307,7317,752,3395,2096,0
2293,129,0,3188,28,85405,54,88,121926,7906,1065,2344,2556,0
2280,132,0,3140,26,87810,52,17,112331,8787,1071,0,2751,0
2524,106,0,2869,10,71825,55,36,92495,15050,832,2556,1959,0
2809,137,0,3455,37,109940,78,44,219617,17302,1039,2229,2992,1
2995,137,1,3895,55,98950,56,43,152450,19108,889,4045,2262,1
3210,150,0,3574,61,162245,63,61,245512,29482,1820,12854,3907,1
5503,143,0,6953,31,120730,19,31,77092,18697,391,2531,1388,1
5366,126,0,7842,20,78880,14,20,54049,10848,424,3714,925,1
2554,139,0,3534,39,96475,61,73,121517,15907,885,4657,2693,1
2512,128,0,3343,43,84910,57,41,158117,14987,889,1535,2354,0
2279,100,0,2640,22,60565,63,36,87714,2466,542,3034,1831,0
2562,135,1,3305,34,103535,40,67,138248,19190,1042,5368,2610,0
2420,137,1,3418,29,93750,48,79,115357,15481,1306,3200,2655,0
2849,134,0,3711,43,88240,41,42,134482,26082,789,11182,2266,1
2511,119,0,3293,34,76070,30,56,110954,25753,687,4452,1968,1
2921,143,0,3960,56,106900,50,41,186626,14840,1103,1266,2570,1
2447,104,1,2630,18,64360,33,115,77903,5829,625,8416,1923,0
3117,150,0,4160,63,164565,79,60,255235,15911,1792,23957,3772,0
2916,133,0,3952,50,90555,34,76,156486,21154,862,1125,2067,1
2862,145,0,3613,43,112825,40,81,154043,20496,1094,1166,2854,1
3063,150,0,3867,74,156080,58,83,367120,18791,1882,6607,3793,1
2071,96,0,2639,18,50565,49,59,47780,1921,566,2230,1708,0
2282,135,0,3613,28,80755,68,52,144467,3999,682,1293,2487,0
2504,140,0,3425,39,101645,61,46,155284,15043,994,4421,2825,0
3922,104,0,4418,46,68810,17,55,72661,18146,441,3136,1188,1
3035,146,0,4343,49,113450,41,58,147628,25388,966,5284,2354,1
2189,113,0,2852,27,67190,39,67,131403,4044,737,0,2050,0
2536,120,0,3243,42,80285,34,44,122593,19763,824,9087,2090,1
2564,127,1,3154,33,96560,49,34,104251,15629,1027,3221,2604,1
4409,145,0,7975,21,105610,41,27,118037,5890,410,1644,1620,0
2615,142,0,3588,56,99825,60,47,176785,15484,832,125,2819,0
3467,150,0,4135,64,180515,89,69,377951,20596,1846,3600,4314,1
2156,112,0,2965,20,65320,46,27,76504,3529,672,1177,2080,0
2551,104,0,3017,44,66275,27,46,95997,14983,517,0,1730,1
3626,135,0,4688,32,104955,60,22,93546,11231,762,714,1998,0
2920,134,0,3577,42,92805,36,56,140950,24671,919,17693,2410,1
2814,150,0,3865,45,133055,59,44,216768,23656,1434,4848,3256,1
2877,113,0,3298,45,69615,29,60,89483,22483,756,205,1799,1
2547,110,0,3023,44,69305,23,58,122536,21751,572,6814,1850,1
1816,111,1,2604,16,59365,59,34,82287,2871,613,0,2234,0
3131,150,0,3953,57,145205,49,55,196863,15984,1560,19921,3348,1
4174,150,0,5504,55,149240,60,62,185507,15743,904,1530,2407,0
2662,112,0,2714,16,95540,30,77,88505,19539,1112,1896,2287,0
2559,122,0,3249,40,80845,40,43,91131,17312,837,1691,2199,1
2548,132,0,3519,32,84020,58,69,151747,5259,1016,16811,2313,0
2222,108,0,2730,23,58445,58,68,122559,7889,597,0,1989,0
4787,149,0,8782,25,112600,30,23,102990,6889,522,5695,1468,0
2002,119,0,2748,33,68025,70,30,120662,1645,661,2208,2424,0
2820,147,0,4190,50,106165,58,46,205338,11317,1321,2173,2704,0
2251,120,0,3098,57,68825,40,8,137889,16415,504,6797,2132,1
2804,149,0,4054,50,116540,59,77,188687,22116,1182,1714,2959,1
3279,128,0,3745,39,102675,25,80,109469,24058,1067,1787,2098,1
3012,137,0,3789,55,105100,40,101,187462,32831,1030,15989,2361,1
2695,121,0,3592,52,69370,35,75,143917,19555,672,15592,1917,1
2833,130,0,3967,37,84050,32,57,93111,22759,940,0,2009,1
6171,150,0,9401,32,140975,28,23,98114,20347,509,400,1425,1
5405,20,0,1215,15,21235,3,0,9641,10129,30,400,271,1
2644,74,0,2550,32,39545,25,32,66798,24471,460,0,1243,1
758,4,0,385,1,300,3,0,1579,0,7,0,110,0
2832,134,0,3736,34,82515,46,65,129226,15467,829,1123,2193,1
2631,115,1,2964,29,74445,53,33,98194,5226,772,780,2086,0
3163,105,0,3156,33,76510,26,37,80698,22149,766,1731,1636,1
3188,150,0,4406,64,135810,52,70,211437,20089,1347,1250,2870,1
2234,114,0,2718,18,77525,54,40,121754,10448,887,12684,2303,0
2812,133,0,3751,41,98890,26,68,141676,18897,1112,1835,2288,1
2445,121,0,3094,26,77075,50,66,115690,12754,869,9140,2188,0
2882,137,1,4030,47,106830,38,46,197490,9063,1245,18928,2860,0
3526,150,0,4354,53,154140,49,61,238987,26890,1566,240,2885,1
3003,123,0,3454,39,88515,37,52,128906,17399,803,2040,2099,1
2283,116,0,2922,27,70550,52,31,116545,7740,664,821,2177,0
3035,150,0,4119,64,145655,79,91,307176,26174,1687,8406,3879,1
2809,147,0,3742,48,121310,52,49,183808,20011,1334,6189,3101,1
2869,133,0,3627,38,93345,48,88,145660,11023,991,0,2380,0
2229,138,0,3763,33,78915,78,29,178623,1019,710,951,2484,0
2600,124,0,3498,50,81865,42,86,131854,26604,639,0,2075,1
2897,150,0,4485,75,124380,51,32,194367,23201,915,3224,2896,1
3073,139,0,3887,50,93800,28,42,146234,18045,977,400,2419,1
2486,130,1,3265,29,93215,55,36,102133,3926,859,2721,2475,0
2563,139,1,3344,39,89435,58,42,146513,6677,749,177,2763,0
5331,145,0,7988,41,124765,15,38,106918,8523,384,1404,1456,1
2233,117,1,2799,20,80445,54,34,125746,3646,753,400,2464,0
2401,142,0,3315,37,101235,57,41,158407,15701,1049,1183,3035,1
2461,128,0,3035,21,90325,44,78,95263,12568,1262,3828,2579,0
1729,90,0,2383,17,40980,53,17,64847,0,283,0,1667,0
3209,140,0,3996,39,118175,45,29,171935,17631,1377,0,2556,0
2651,140,1,3699,44,95555,64,41,130045,7390,1044,0,2543,0
4662,139,0,7977,15,97365,22,12,66386,10058,454,3857,1240,0
2330,137,1,3471,27,83255,72,24,149756,3912,772,3123,2617,0
2071,108,1,2617,16,67925,53,33,82162,2106,782,0,2157,0
3154,148,0,3876,37,142875,53,71,234690,18674,1652,6923,3217,0
2785,144,0,3945,39,95860,48,43,138220,16312,975,4048,2478,1
2804,85,0,2767,32,55260,22,34,72653,20942,512,0,1332,1
2854,132,1,3788,47,88515,34,69,130732,15424,1117,7425,2181,1
3095,121,0,3775,101,93435,34,20,163235,9813,611,400,1900,1
3817,134,0,4687,34,95165,36,20,102122,32200,734,9028,1778,1
2587,133,1,3231,29,94755,67,92,155556,15268,993,5055,2560,0
2774,143,0,3425,62,116615,77,29,218864,19695,1044,6692,3112,1
4727,150,0,9017,19,99530,49,19,143645,2376,282,7503,1424,0
1760,61,1,1653,15,33630,38,27,39225,2211,197,412,1377,0
2465,86,1,2357,24,47660,42,20,58524,1147,295,0,1668,0
2696,144,0,3723,56,100350,59,42,184634,18375,1012,1789,2744,1
2025,51,1,1537,8,30670,27,27,34220,6984,261,0,1158,0
3467,141,0,8200,17,63195,30,19,86634,2848,236,6049,1263,0
2693,142,0,3668,72,116825,90,25,215164,12633,861,205,3128,1
2685,138,0,3836,67,89655,54,43,150154,21842,810,16801,2462,1
2465,126,0,3201,25,86750,48,69,75574,6834,1081,264,2351,0
2718,131,0,3825,48,85225,37,54,114786,16719,766,1351,2038,1
2789,149,0,3448,49,117885,60,65,234113,26084,1535,8958,3502,1
6381,142,0,9167,36,109665,26,33,81322,15917,391,5441,1083,1
2829,145,0,4268,61,103375,94,25,196103,23058,844,620,2762,0
2995,102,0,3242,42,69790,19,52,75586,19785,617,1713,1557,1
4927,150,0,8921,21,107515,48,32,103456,2346,454,1475,1516,0
5265,150,0,9975,32,113690,38,14,108860,10572,362,25178,1448,1
3133,129,0,3918,37,97850,48,57,174877,14648,747,13349,2142,0
2044,94,1,2512,14,50130,39,44,78441,4830,615,1245,1721,0
2826,148,0,3717,45,119735,52,94,214337,8788,1475,0,3034,0
2542,113,0,2836,35,80410,24,80,102462,23639,828,11171,2128,1
2357,118,0,3171,26,71945,49,64,104147,12326,909,1220,2040,0
2622,114,1,3216,23,67035,59,30,88894,1789,712,1247,1963,0
2673,65,1,2399,26,41035,13,42,45687,14462,352,1120,970,1
2208,111,1,2867,20,63285,63,28,92256,8045,775,2778,2010,0
2330,99,0,2881,37,51190,23,68,78646,16842,569,19717,1684,1
2980,139,0,3696,50,109470,47,67,147443,23672,1108,4009,2510,1
5209,150,1,9400,29,136160,43,31,161289,4599,449,90,1712,0
2492,99,1,3112,43,52650,22,70,86168,13026,409,13135,1521,1
706,7,0,776,2,2480,3,3,2743,0,17,0,175,1
2052,80,1,2078,21,41005,44,57,63197,2506,293,5190,1576,0
6186,150,0,9938,73,205480,59,20,300164,12745,728,4300,2547,1
700,14,0,895,2,5415,3,20,7302,0,66,0,475,1
6132,146,0,9961,49,113865,29,18,105344,19814,255,12065,1209,1
2888,150,0,4126,63,128775,71,60,227329,11822,1434,0,3386,0
2234,127,0,3363,35,70630,68,20,121521,2411,494,400,2184,0
1893,105,0,2721,18,50610,58,37,116643,3860,488,7743,1984,0
3854,111,1,4297,34,72550,16,43,78857,21674,535,737,1360,1
4973,141,0,7879,18,94320,42,35,91536,2436,485,1020,1175,0
4200,146,0,7046,18,106725,36,27,87944,3390,517,14094,1596,0
2770,111,1,3392,12,70850,36,38,68136,8244,758,1250,1749,0
2977,150,1,3699,56,143705,58,54,188005,10804,1520,3186,3428,0
2713,138,0,3485,32,89885,61,45,197685,10576,1206,18404,2573,0
2702,74,0,2360,31,54200,15,74,47282,27329,392,7351,1226,1
2906,148,0,3929,56,122275,42,44,163073,22489,1136,0,2746,1
3226,150,0,4157,55,120290,69,50,278916,30702,1283,11036,3114,1
2924,140,0,3746,46,102515,49,51,121742,25656,1115,1500,2462,1
4938,148,0,9056,37,102975,23,19,92656,8947,306,614,1296,1
4114,137,0,7111,13,86005,28,40,98369,10632,384,1729,1342,0
3212,145,0,3781,58,151325,93,31,254799,9720,1467,1483,3843,0
5519,150,0,9795,32,116565,40,7,104320,18015,351,1878,1319,1
4969,150,0,9278,20,119465,47,30,118796,11045,449,552,1490,0
2689,142,0,3898,38,99390,37,51,124188,13101,1148,10998,2393,1
2484,99,0,2979,33,53870,27,74,92027,16983,572,4199,1586,1
2131,136,0,3337,26,71835,43,73,87772,5385,825,0,2568,0
2249,102,1,2666,14,55995,37,34,87059,1958,644,693,1848,0
4058,145,0,8331,25,98730,51,13,115631,4585,197,250,1465,0
2657,145,0,3889,52,101855,61,33,131745,21526,934,2556,2728,1
2804,102,0,3125,36,68330,27,36,81730,16654,618,10012,1589,1
2583,87,0,2724,27,45555,14,69,67301,23180,538,3190,1405,1
2346,108,0,2979,28,64425,42,53,94365,10739,760,0,1839,0
6013,150,1,8491,39,190110,64,15,177196,19916,704,10876,2238,0
2841,124,0,3413,47,94070,44,51,143916,12545,925,2051,2234,1
2549,143,0,3605,42,95860,65,48,226205,12292,1177,695,2905,0
2119,117,0,2695,16,71770,65,44,96023,6088,1015,2844,2456,0
2538,137,0,3642,61,93035,51,58,138090,19744,768,20260,2513,1
2526,132,0,3496,56,83915,51,44,154438,19672,694,4322,2305,1
2744,147,0,3664,49,111940,63,48,163217,1457,1275,8716,2962,0
2250,118,0,3384,25,60720,47,77,123923,2456,699,4079,1947,0
3265,140,0,4047,38,112130,30,71,164040,25682,1185,0,2244,1
2396,121,0,3161,26,71545,57,80,106190,6868,827,3872,2163,0
2949,126,0,3485,23,98635,27,30,89797,19504,1171,7139,2164,1
3866,110,1,6038,13,58430,45,3,58120,868,123,891,981,0
3237,148,0,3831,37,150085,56,26,210389,16261,2161,400,3280,0
2511,132,0,3682,28,79965,54,64,110157,6496,1042,743,2214,0
3556,150,0,3299,41,209555,60,100,240186,26519,2640,2020,4752,0
6035,143,1,10174,31,92880,13,20,68513,17898,402,1586,983,1
2812,149,0,4319,50,102190,55,79,195437,17570,1171,1985,2739,1
2137,132,0,3352,27,78225,53,62,142059,3997,720,2934,2483,0
2951,129,0,3693,32,93345,43,53,125483,14861,942,3594,2150,1
5577,149,0,9548,38,102930,27,16,96346,9397,322,1140,1193,1
2234,105,0,3089,19,56665,39,65,68368,8042,632,4347,1705,0
2655,135,0,3619,28,97850,50,80,150827,13973,1128,4460,2541,0
2231,114,1,2956,30,69045,62,35,129924,2184,775,925,2069,0
5336,150,0,7961,30,173205,41,46,208042,7922,960,10259,2168,0
2930,144,0,3970,50,118725,63,28,175721,13253,1407,495,2903,0
3333,150,1,4024,74,187305,80,75,431226,29100,1969,6194,4591,1
3101,127,0,3930,42,89580,23,69,108001,26162,917,5150,1914,1
3512,149,0,4065,43,162205,68,55,251337,33300,1695,3260,3136,0
2415,130,0,3124,21,86835,44,67,97905,7501,1011,1362,2441,0
2158,79,0,2319,10,50445,33,52,52358,12584,578,498,1390,0
2813,139,0,4059,53,90910,30,43,131224,15355,900,7056,2186,1
2034,83,0,2278,9,41550,39,76,49495,7376,566,72,1520,0
1962,138,0,3199,38,75950,70,26,153344,3915,635,19370,2777,0
6055,150,1,8047,42,218560,37,36,272383,15769,1061,8309,2442,1
2536,138,0,3672,38,82300,55,48,156014,10255,1036,13366,2448,0
2764,138,0,4246,63,86675,41,67,147357,17343,728,0,2101,1
2327,125,0,3358,36,68820,59,42,109054,8959,699,6340,2237,0
2935,149,1,3974,67,142255,74,40,305971,11640,1503,10651,3865,0
2543,136,1,3695,40,88315,49,35,123715,8243,1076,1549,2447,0
2890,136,0,3899,45,94635,29,38,142539,22890,1041,3561,2236,1
2793,139,0,4211,41,77630,49,46,130714,18287,870,7252,2184,1
3283,150,0,3916,76,188700,74,80,409680,23411,1979,14520,4392,1
3031,116,0,3747,65,76105,29,88,120036,18643,608,5098,1764,1
2870,150,0,4015,62,120210,48,56,186797,18116,1148,0,2931,1
2695,143,0,4092,58,98225,60,29,122384,16210,913,4375,2499,1
3099,123,1,3138,52,118710,43,42,164312,18625,916,4378,2696,1
2506,135,0,3414,30,89735,57,50,138243,11175,867,8376,2456,0
3115,135,1,3665,38,115290,64,115,178191,18160,1499,4106,2720,0
5776,150,0,8283,46,228885,63,45,310276,21673,871,0,2844,1
2736,150,1,3936,55,109080,83,54,222904,14810,1179,991,3198,0
4414,134,1,6880,21,86445,34,17,114245,5557,366,1400,1246,0
6244,148,0,9404,36,131085,28,15,130970,20796,401,2801,1270,1
5396,148,1,10206,28,143965,41,12,100386,8105,698,0,1805,0
2563,139,0,3523,33,104205,59,49,137949,5216,1219,8219,2836,0
2828,132,0,4057,57,76660,56,56,140291,22741,695,240,2029,1
2553,139,0,3338,38,105125,49,52,187974,4154,1034,21408,3019,0
2705,147,0,3307,58,131600,49,87,209627,16701,1256,5367,3325,1
2794,150,0,3422,52,142195,74,45,349081,15698,1424,9533,3891,1
2445,138,0,3475,28,92320,42,40,144320,11441,1262,1485,2680,0
3173,149,1,3958,70,135940,68,47,226234,18939,1333,4139,3265,1
2560,130,0,3299,42,93890,36,77,128120,21916,927,0,2323,1
5629,95,0,6554,15,56565,12,5,45929,12347,205,148,692,1
2825,116,0,3461,41,83575,20,81,106602,20129,829,7227,1821,1
4531,149,0,7233,23,114620,36,27,106952,2585,481,325,1624,0
2525,129,0,3447,44,82490,32,41,133861,21486,922,0,2299,1
4403,139,0,6742,19,88795,29,18,107622,5920,365,4865,1343,0
2078,127,0,3198,31,68325,68,42,145599,9104,536,88,2342,0
2718,116,1,3530,44,70840,35,34,127548,21165,610,15,1878,1
5106,117,0,6481,34,72945,13,24,62106,9092,188,7289,985,1
3227,150,0,4079,62,141380,52,56,227422,31950,1865,9504,3216,1
3838,113,0,4625,19,68150,15,38,48553,29040,746,1162,1367,1
2586,126,0,3462,35,83520,24,79,125927,23013,830,12496,2141,1
1683,80,0,1998,14,40260,49,38,97744,2060,426,640,1733,0
2558,147,0,3542,41,110160,70,83,185793,11508,1127,2767,3129,1
1876,103,0,2441,23,58500,45,26,106209,5608,561,0,2149,0
2650,133,0,3931,44,75390,43,46,134144,24738,738,10783,2134,1
2165,143,0,3653,52,89630,71,34,169666,8305,706,1857,2860,0
2371,125,0,3125,32,82945,45,60,123690,8034,1113,0,2371,0
2418,107,0,2932,35,61960,61,60,105556,7530,795,0,1876,0
2644,132,0,3477,38,87970,28,84,142782,24144,948,9281,2328,1
2780,128,0,3426,47,90710,37,63,117723,25654,808,5341,2239,1
2649,140,0,4012,60,99730,48,44,146391,22736,717,0,2433,1
2684,92,0,2999,30,55385,28,38,64798,22904,456,1461,1419,1
3989,150,0,6676,22,134725,48,16,120626,4691,382,1779,2257,0
5188,123,0,7631,29,74845,18,13,49993,15081,207,0,917,1
2663,118,0,3029,24,89815,42,74,87319,4155,904,6856,2211,0
521,4,0,431,2,950,3,1,391,150,3,0,140,1
4484,149,0,8397,19,109460,42,19,115773,8499,433,9367,1620,0
2345,117,0,2817,23,78270,51,47,127395,17425,875,1384,2336,0
2858,118,0,3320,33,80880,25,51,82755,14512,856,286,1944,1
3933,146,0,5822,49,114380,47,25,133873,25664,797,2581,1950,1
2827,148,0,3764,45,145425,66,41,161922,21508,1564,0,3261,1
2921,141,0,3638,37,102770,42,58,124936,16925,963,402,2567,1
1722,80,0,2034,11,44155,41,39,57845,5288,441,3713,1647,0
5153,150,0,9431,40,114995,36,6,108418,19262,307,1715,1571,1
5933,150,0,9720,44,188740,56,25,213109,13420,797,8350,2245,0
2278,105,1,2570,22,67980,43,69,90527,17644,903,5324,2045,0
2416,136,1,3767,24,84485,83,64,136376,4605,1149,0,2751,0
1887,102,1,2364,16,55895,41,49,93897,5849,579,5290,2208,0
3006,145,0,3726,42,123270,50,57,217175,15311,1324,3507,2891,1
3040,111,0,3359,66,82385,49,45,127943,19112,574,8188,1749,1
5955,150,0,9580,26,157415,29,53,115351,9380,783,1117,1611,0
2147,125,0,2856,25,77185,45,66,100531,2827,890,3344,2515,0
2964,109,0,3253,46,71775,16,95,99999,17440,658,6828,1743,1
3089,150,0,3204,47,183530,57,58,259040,23028,2492,11212,4766,1
2001,122,0,2696,23,74570,61,58,133424,4083,827,5830,2554,0
5883,144,0,8410,39,120300,26,23,114801,15735,402,14467,1353,1
2899,148,0,3943,55,114145,62,35,348092,10815,1364,10230,3149,0
3390,127,0,4016,34,95290,38,59,122323,25970,697,4824,1889,0
2711,135,0,3716,40,96725,53,45,102067,6820,702,0,2265,0
2980,116,0,3427,45,77295,24,61,100418,25500,611,0,1827,1
2368,101,0,2844,40,58285,22,31,77296,12191,561,8817,1707,1
2199,108,0,2569,24,65915,47,23,100221,5261,718,935,2125,0
5521,150,0,8123,40,170650,62,19,183473,10083,757,4322,2342,0
2519,144,0,3695,29,104905,50,136,159622,9024,1257,1379,2976,0
5611,146,0,9203,34,102385,30,19,97799,18087,337,11103,1264,1
2863,148,1,4326,54,108790,46,82,167705,20741,1181,3747,2531,1
2062,105,0,2697,27,54930,50,48,87467,3129,546,1447,1969,0
2687,123,0,3230,35,81950,51,41,132443,15600,917,5518,2236,1
2800,119,0,3792,42,75905,23,48,99421,16743,734,2336,1770,1
2722,142,1,3837,36,102420,33,50,139328,15543,1342,1650,2707,1
1611,87,0,1925,15,45010,51,38,66693,3374,388,1219,2001,0
5863,150,0,9251,44,158955,52,23,211230,8539,714,400,1829,0
2301,141,0,3586,37,83225,51,47,133045,2725,866,250,2560,0
2424,136,0,3082,27,94655,54,60,145741,5291,1095,280,2824,0
3080,123,0,3687,37,89970,31,58,109231,24888,847,4526,1885,1
3251,128,1,3497,55,115475,26,91,126226,17664,1368,640,2554,1
2348,103,1,2360,12,79660,36,63,70157,10263,1112,3813,2208,0
3197,150,0,3787,60,137235,59,92,256406,30729,1567,5407,3302,1
2817,141,0,4078,54,87480,38,69,151057,18363,883,11899,2237,1
2472,136,0,3543,37,84330,34,99,139962,18884,985,12381,2418,1
3446,142,0,4172,53,121010,32,43,152629,23537,1415,3175,2340,1
2233,115,0,2910,26,69975,33,86,103190,9856,745,5203,2131,0
6537,148,0,10133,40,109195,31,28,116446,23131,441,7018,1212,1
3199,144,0,3522,52,149185,57,43,178769,26782,1575,2772,3433,1
2891,125,0,3751,61,80600,39,59,106721,26193,648,698,1942,1
4115,128,1,6967,13,62535,34,11,53490,5200,198,659,1095,0
2163,106,0,2766,19,62005,42,49,91942,6083,709,5854,1918,0
2833,148,0,3756,60,110820,67,38,209296,20447,1141,13179,3041,1
1339,77,1,1512,9,31670,55,6,59380,1869,330,1680,2128,0
3141,149,0,3858,44,132940,52,112,153200,28012,1713,3118,3084,1
2535,133,1,3232,32,85510,43,63,106408,8273,810,670,2491,0
2876,141,0,3937,66,101300,30,60,160267,13651,814,2047,2310,1
2594,99,0,2973,18,57095,42,48,98497,16868,610,0,1626,0
2825,149,0,4177,71,127245,61,23,230148,22193,1079,0,3004,1
2981,140,0,3643,41,104470,45,107,165966,29594,1222,3624,2585,1
1781,100,1,2477,18,46045,49,31,78747,2131,480,0,1952,0
2947,135,0,3629,24,98310,39,66,101970,26805,1242,8758,2405,1
1647,82,1,2064,12,43695,60,13,62478,486,325,5369,1725,0
2327,144,1,3658,32,98505,52,52,159540,8550,1008,4020,2748,0
2457,121,0,3043,21,79630,37,62,125625,6410,1046,4181,2318,0
1957,108,0,2616,23,62020,50,29,93080,1760,616,3010,2130,0
4596,140,0,8117,19,94760,42,12,123516,3501,355,2379,1455,0
2655,120,0,3345,47,81450,34,36,108533,18980,743,4751,2049,1
6393,150,0,9287,52,184670,67,19,193872,17068,555,1200,2077,1
3446,145,0,4211,56,124970,54,72,225550,27125,1465,0,2643,1
2695,140,1,3818,44,98760,26,77,149121,17843,1171,6870,2431,1
6492,146,0,8454,42,151170,19,39,113666,20177,673,0,1458,1
5846,150,0,8550,30,164235,58,27,167216,12464,713,10664,2016,0
2555,118,0,3155,30,71990,43,55,121005,13589,728,5674,2027,1
2220,110,0,2730,19,63710,45,47,93084,3839,780,2731,2021,0
1836,85,0,2279,12,45140,38,34,77091,4380,459,11996,1593,0
2582,140,0,3744,41,92670,47,48,160307,14118,817,10461,2435,1
6530,147,0,9968,42,110565,26,43,95059,24324,369,1922,1111,1
2873,150,0,4305,70,118205,62,66,205402,18099,1107,400,2854,1
2512,122,0,2983,39,83040,44,39,108386,24652,747,0,2325,1
2576,105,1,2614,21,72885,52,52,80310,4659,741,5,2055,0
2467,79,1,2431,16,44050,27,22,53858,965,510,0,1392,0
2360,114,1,3024,37,64225,40,28,149173,11229,557,5687,2156,1
3168,150,0,3594,39,154520,51,48,274599,8534,2091,2298,3496,0
2771,105,0,3098,32,71150,31,29,106922,18711,665,9510,1792,1
2459,120,0,3439,40,68005,29,73,118186,17742,726,1225,1973,1
2761,147,0,4111,46,110705,60,73,253555,8364,1113,1070,2864,0
1635,81,0,2016,4,42420,43,40,46173,6629,472,525,1667,0
3062,150,0,3835,49,139455,59,55,310471,22781,1674,980,3414,0
2650,136,0,3436,32,92555,45,43,155720,16891,1111,13693,2456,0
2906,145,1,3771,45,112610,62,61,167501,15778,1331,52,2797,0
3080,100,0,3392,36,63790,26,30,103283,11092,538,1210,1440,1
2575,119,0,3164,29,73625,22,72,110129,27074,819,1510,2085,1
2071,106,0,2630,25,57815,64,52,114583,8743,596,9557,2066,0
2745,136,0,3966,52,78015,35,84,138930,22186,959,5959,2191,1
1873,90,0,2620,10,46430,36,75,73292,3437,472,5482,1640,0
3212,150,0,3902,48,149100,46,42,223564,26674,1930,3897,3253,1
5246,150,0,10620,32,122730,36,29,125235,5071,647,0,1554,0
3252,132,0,3840,53,111205,32,69,133911,24954,986,4104,2214,1
2148,110,0,2617,25,72545,49,59,116687,6978,733,2041,2220,0
4880,110,0,5806,18,64985,9,31,60674,17542,253,533,957,1
2524,65,1,2000,44,48210,37,12,74101,10463,196,1020,1631,1
3013,147,0,3702,50,133005,55,119,180293,28489,1782,1100,3244,0
1628,25,1,1194,4,9060,1,20,8847,451,64,800,467,0
5763,145,0,8511,30,120055,19,37,83210,17407,597,0,1373,1
2803,127,0,3618,40,78555,30,27,133726,18358,883,3845,2068,1
2967,150,0,3650,60,170945,57,68,239583,17878,1510,0,3895,1
2383,128,0,3105,29,84340,54,88,148119,8069,919,5684,2510,0
3081,147,0,3851,41,124120,43,74,160960,19049,1523,2362,2875,1
2859,136,0,3602,45,99155,77,42,188572,5412,958,8245,2537,0
1647,86,0,2147,20,43050,53,28,65629,659,313,1705,1717,0
2047,117,0,2793,24,66570,50,38,104822,6275,679,552,2270,0
2392,140,0,3573,29,96105,67,41,152991,8698,1057,1031,2816,0
2711,150,0,3910,46,124370,73,70,171341,11393,1280,1882,3312,0
1774,94,0,2470,22,44490,55,21,67434,1520,308,0,1754,0
2833,131,0,3921,55,79575,31,88,140277,15166,793,5799,2053,1
2612,150,0,3931,51,109365,47,92,172668,22133,906,30064,2834,1
2298,135,0,3173,52,84400,38,50,136154,14629,840,13081,2722,1
2929,150,0,4386,64,137160,80,57,252106,6413,1432,4004,3575,0
5488,146,0,7983,37,101920,22,10,99915,18188,352,6967,1312,1
2822,103,0,2997,42,65570,22,48,98456,22246,544,1506,1676,1
5979,150,0,9423,57,169505,53,9,222459,5791,609,30,2011,0
5692,150,0,8446,36,152060,30,40,204789,20581,692,2662,1793,1
2515,138,0,3164,42,102960,40,89,142040,19269,1036,400,2929,1
3013,146,1,4077,50,127125,66,71,296557,21782,1318,12076,3116,0
2591,102,0,2851,35,65305,10,62,73972,22223,682,400,1742,1
2531,147,0,3928,46,99290,44,80,133841,12639,1123,0,2689,1
2685,150,0,3748,48,120935,89,76,232115,9488,1168,365,3289,0
2498,142,0,3720,33,91525,51,53,133181,3131,1006,2562,2628,0
2502,106,0,3130,42,63445,37,34,87594,14900,569,8924,1708,1
5603,150,1,8973,32,162725,54,14,161728,11217,587,5439,2074,0
4162,141,1,7507,15,79400,39,41,70905,1881,314,427,1276,0
5496,150,0,6802,47,160950,53,21,190587,18893,631,9545,2263,1
2911,134,0,3922,59,88215,35,76,142295,22622,825,3203,2146,1
2782,125,0,3937,60,84235,29,70,142859,14729,607,13477,1880,1
3269,139,1,4692,34,81295,40,43,142205,13176,526,1353,1916,1
2377,79,1,2552,20,43990,14,49,50352,1339,490,158,1288,1
2887,132,0,3291,23,107040,44,66,99952,12490,1452,6406,2533,0
2642,144,0,3468,27,114890,52,46,166916,19405,1503,2496,3022,0
2878,125,0,3782,40,80030,39,28,127360,14997,786,5325,2003,1
3797,135,0,6406,10,79505,35,21,85031,8430,370,2543,1408,0
2959,144,0,4826,64,89955,50,38,139078,11726,572,525,2015,1
5721,139,0,12409,32,59770,15,5,61785,9392,222,1114,788,1
2845,116,0,3574,43,81435,23,44,93860,22774,817,6585,1766,1
2817,122,0,3426,58,77950,29,30,103892,21661,708,939,2018,1
3092,139,0,4041,35,116765,42,95,138702,24293,1565,3590,2591,1
2776,147,0,3297,37,137155,43,86,172412,10340,1884,12676,3643,0
2773,143,0,3751,59,112940,73,48,161351,23326,927,1501,2704,1
1479,71,0,1700,8,34920,33,17,37183,3001,372,1941,1583,0
3082,135,0,3667,44,97305,37,42,133822,15687,941,405,2293,1
3076,104,0,3203,33,82935,37,34,89002,11753,841,1522,1740,1
5828,148,0,8479,27,116860,22,29,88924,10871,644,5297,1349,1
2292,67,1,2099,23,39655,9,32,35513,3136,375,1261,1177,1
2865,150,0,3825,52,123490,77,49,214401,14184,1292,3154,3295,0
2604,130,0,3609,64,80170,32,26,127055,23915,691,16585,2225,1
2628,137,0,3744,48,94635,40,63,103859,18892,716,5958,2313,1
2473,76,1,2035,22,43880,45,26,58262,4672,283,400,1562,0
3228,148,0,4079,41,141200,66,68,223616,26357,1471,15353,3073,0
4449,137,1,6904,23,95885,44,27,120009,4328,338,671,1382,0
2278,102,1,2640,24,65390,37,47,53425,4441,640,0,1964,0
5021,131,1,8046,25,75910,16,18,71513,15783,230,7927,985,1
2665,135,0,3037,24,113545,44,89,116479,15235,1433,1666,2835,0
2880,150,0,3518,40,151650,50,50,227424,18914,1922,3328,3865,0
2708,150,0,3678,49,118870,69,70,186658,9740,1346,1662,3377,0
2012,101,0,2710,21,58230,62,40,98556,13189,391,528,1911,0
3384,150,0,4008,84,202835,88,89,478770,25603,2347,4154,4804,0
2935,131,0,3183,42,103455,37,67,119732,19995,868,1020,2509,1
2661,147,0,4255,43,99585,70,54,168543,12836,940,3515,2702,1
2349,121,0,3043,13,81175,46,32,104622,1862,1126,7809,2264,0
2460,135,0,3650,35,79530,33,51,134247,11736,893,9055,2334,1
3005,131,0,3657,49,98235,30,43,129884,18968,661,10642,2216,1
3728,150,0,5215,54,133750,63,36,210125,20446,1076,21939,2655,1
2667,150,0,3763,51,117240,66,78,185481,19231,1248,5543,3113,0
2485,142,0,3574,24,102450,56,52,160894,10978,1169,400,2905,0
2584,144,1,3683,39,100070,35,64,106235,16327,1305,3739,2801,1
4341,145,1,7879,18,82170,47,18,106824,7193,270,13896,1379,0
5350,146,0,10630,18,92140,45,24,106973,9969,365,2246,1107,0
2612,141,1,3624,47,95670,53,50,128332,14149,942,21788,2709,0
1979,96,0,2451,13,51845,46,59,65378,10176,595,400,1853,0
2747,150,0,3865,41,127795,60,48,225273,9028,1480,20976,3323,0
1688,95,0,2125,16,49160,54,56,60770,4403,442,13334,2055,0
2789,130,1,3896,37,73140,49,41,136111,6077,966,0,2042,0
2756,115,0,3386,53,74860,33,33,134167,18931,585,3303,1851,1
2666,102,0,3126,29,65895,24,62,87884,18379,717,2074,1573,1
2842,148,0,4031,45,110185,47,68,176904,12726,1298,835,2732,1
2342,137,0,3526,35,83525,53,40,120477,8789,954,4834,2500,0
4809,125,0,7017,31,69700,12,26,67324,9794,213,3456,1062,1
2435,127,0,3263,15,80795,48,43,116044,10504,1337,7891,2425,0
3183,150,0,4163,39,133385,66,56,186306,17572,1507,5492,3365,0
2595,129,0,2914,25,108115,50,34,115452,25418,950,27160,2638,0
3542,136,0,6532,10,74440,50,23,89076,3396,256,2487,1429,0
4392,147,0,9462,16,80810,50,15,98560,1790,223,400,1177,0
3063,148,0,4594,50,95160,42,55,162786,24687,1189,0,2318,1
2820,99,0,2947,29,67855,19,73,76389,27031,717,3740,1653,1
2937,82,0,2738,26,56525,10,51,49705,14521,567,1747,1287,1
2710,106,1,2776,27,78190,40,54,118106,9332,828,480,2030,0
3044,149,0,4235,56,114755,62,48,179396,12277,944,360,2816,1
2488,114,0,3170,34,70600,26,44,83289,20139,639,800,2004,1
3279,124,0,4097,48,88085,32,72,125050,22019,724,1790,1848,1
2309,123,0,3032,30,74990,61,64,119340,4404,957,0,2261,0
2321,122,0,3084,28,74465,52,60,132829,2771,953,391,2238,0
2225,93,0,2626,14,55120,41,49,71677,21988,629,3250,1686,0
5092,150,0,9398,18,119305,44,20,80294,3258,511,495,1491,0
2622,136,0,3339,36,99615,39,69,140089,10067,1076,6022,2614,0
2573,144,0,3790,43,94110,64,73,162624,2793,1122,7434,2721,0
6114,114,0,8713,19,58060,6,21,31836,14050,253,2667,682,1
1572,88,1,2022,10,42770,45,45,71463,271,438,7202,1934,0
2304,110,0,2955,23,63790,60,79,115737,6818,702,1823,2005,0
2653,140,0,3568,25,96760,51,48,152943,9530,1288,4012,2622,0
4255,145,0,8933,20,84940,34,17,89065,2979,318,289,1279,0
2287,113,0,2706,14,83875,37,68,82710,5753,1019,3827,2289,0
2653,149,0,4129,51,103280,82,19,273824,13669,1097,11439,3067,0
5111,150,0,8687,27,111715,37,33,128383,7252,427,2519,1488,0
2942,150,0,4244,74,133115,77,69,252821,15912,1281,8043,3583,1
2028,133,0,2779,16,87600,57,37,113768,9644,1074,3018,3172,0
2877,125,0,3663,32,75375,30,61,126451,25862,1039,409,1952,1
2389,111,0,2930,18,66960,50,71,97211,8859,727,4092,1934,0
768,4,0,408,1,925,3,1,1331,0,5,0,114,0
2167,130,0,3158,31,87270,43,52,86214,3624,784,3276,2497,0
599,4,0,460,2,950,3,1,417,62,8,0,143,1
2470,106,0,2837,42,62940,26,82,119945,19333,628,14920,1881,1
2534,97,0,2689,29,63965,18,37,74780,24027,622,402,1706,1
2483,111,0,3106,40,69685,32,34,97814,18840,498,1509,1823,1
5538,150,0,9142,38,165995,56,19,160755,17157,471,9479,1967,1
2461,118,0,3641,22,57410,57,45,97017,23260,790,0,1876,0
2881,130,0,3670,56,84980,35,55,126246,21071,750,1215,2175,1
2367,101,1,2689,23,61230,24,40,76170,16466,585,9073,1780,1
3005,142,0,3917,43,105630,31,81,122386,24812,1060,2985,2482,1
3060,150,0,3639,78,191910,62,99,304981,16871,2342,0,4640,0
2364,136,0,3417,18,84310,56,103,127500,13586,1151,2657,2571,0
2832,119,0,3499,31,79685,25,63,91338,19485,880,846,1872,1
2746,143,0,3755,36,113155,62,55,151348,12619,1273,3149,2776,0
2799,150,0,3677,48,142625,70,112,285116,18584,1542,37502,3955,1
2424,100,0,3202,46,53615,22,44,96980,16685,483,9052,1551,1
3790,150,0,5479,57,111785,37,39,114912,30378,634,1401,2091,1
3036,142,0,3844,46,125620,44,97,154301,20216,1228,729,2655,1
2549,122,0,3425,38,71765,29,45,93268,18106,702,826,1991,1
2595,143,0,3491,33,112295,43,53,144132,12611,1065,3818,2869,1
2665,88,0,2876,28,52510,20,47,62160,16874,568,1314,1371,1
2562,137,0,3430,46,85185,55,45,141135,7659,642,9530,2508,0
2134,103,1,2404,25,59500,46,40,85715,8173,668,3955,2182,0
2273,132,0,3367,40,77385,64,38,156001,5828,721,305,2339,0
2042,122,0,3054,34,69310,58,64,98666,1360,509,4346,2215,0
4030,150,0,3901,43,259050,85,90,311398,14847,3165,4777,5095,0
2397,114,0,3099,30,66400,24,44,81907,23107,624,5082,1936,1
2469,131,0,3379,35,91140,38,57,117571,13161,981,17281,2358,1
3405,138,0,3835,44,117065,31,42,165370,20340,1249,815,2318,1
2747,134,0,3445,52,105350,56,35,155189,13869,903,3629,2516,1
2069,111,1,2585,21,64350,53,51,107046,1551,694,5638,2236,0
2804,143,0,3541,38,104365,67,51,128779,7444,1033,0,2844,0
2123,120,0,3061,27,64940,64,37,97264,4993,534,298,2173,0
3165,132,1,3798,53,99310,44,112,111307,23639,1024,0,2273,1
2755,122,0,3942,32,68640,38,50,117500,15540,916,1768,1878,1
601,5,0,499,2,1600,3,1,516,88,7,0,139,1
2875,150,0,4168,50,122105,53,74,168597,22846,1185,4770,2769,1
2578,117,1,3188,25,70755,54,61,115777,9300,797,6818,1995,0
5132,150,0,9503,32,110560,38,19,108041,12385,380,2116,1468,1
2782,86,0,2897,43,48625,21,40,73394,22156,354,0,1277,1
2774,140,0,3713,39,98165,38,61,154277,20482,932,3448,2598,1
5082,150,0,9073,27,114325,37,40,111699,3858,476,0,1448,0
4599,149,0,7328,21,136390,39,35,110254,5844,775,2471,1829,0
2648,134,0,3746,36,91310,68,40,177824,18556,886,8897,2433,0
2568,132,1,3260,50,91670,58,64,129289,13693,934,8743,2801,1
2703,143,0,3795,45,108375,43,38,180582,13917,1072,8702,2780,1
2314,129,0,3094,21,90360,36,80,111239,2894,1173,0,2584,0
2742,114,0,3247,28,69555,42,47,91901,7486,737,0,1876,0
5985,143,0,8815,32,101755,12,33,76812,14122,374,0,1057,1
3319,95,1,3130,21,73450,16,47,65403,20551,633,2020,1587,1
1833,99,0,2533,26,49760,54,30,81386,2224,373,2577,1878,0
2139,84,1,2453,20,39195,60,17,77642,2584,181,1204,1483,0
2259,101,0,2847,19,58305,35,65,80492,9173,840,2688,1724,0
2329,99,0,2611,25,62990,41,65,87369,17921,678,1936,1824,0
3102,150,0,3684,61,159800,101,30,231905,16149,1532,2344,3906,1
2972,144,0,3794,49,115235,45,54,182041,24388,1322,4084,2689,1
4665,150,0,8825,26,118065,36,26,112961,5540,417,1459,1549,0
5244,150,0,9433,29,133755,46,23,131597,10987,511,5047,1669,0
4349,145,0,10281,17,72150,41,13,66649,1156,262,0,1004,0
2233,104,1,2755,23,55390,57,65,84271,9336,641,3964,1851,0
2631,149,0,3815,43,118530,56,45,232486,12054,1301,4183,3071,0
2011,102,0,2610,14,60910,43,44,86139,1961,896,4143,1976,0
3144,138,0,4388,51,92525,30,50,131128,16436,911,400,2011,1
2746,143,0,4074,57,102670,46,48,171612,12593,1180,2299,2594,1
3271,149,0,3883,52,122665,44,97,149599,33463,1696,1125,2906,1
2479,139,0,3694,41,78085,38,50,126898,12749,851,235,2415,1
2855,149,1,3574,49,122450,59,50,187228,28618,1468,14296,3308,1
2982,136,0,3725,36,105915,29,78,133345,27382,1217,22397,2448,1
2690,127,0,3797,34,75105,35,44,110081,26453,778,26533,1928,1
2854,138,0,3650,38,91490,42,58,124028,24650,1029,7993,2465,1
798,2,0,386,0,765,2,1,504,0,0,0,52,0
2780,146,0,3944,52,107110,41,56,167333,20099,980,240,2661,1
2354,78,1,2305,9,44350,35,35,62125,9773,470,51,1416,0
2937,144,0,3607,35,119820,29,89,128307,27703,1528,1239,2855,1
3844,138,0,5818,18,96245,36,34,80535,1965,382,125,1608,0
2925,131,0,3396,37,106705,24,65,108205,20653,1165,4236,2297,1
2889,42,1,2237,10,26615,5,36,14458,11946,141,2493,572,1
5646,150,0,9676,31,128285,33,28,126943,13125,469,2503,1494,1
6797,108,1,9889,16,51970,6,17,25060,13941,260,0,553,1
4509,149,0,10155,24,94805,38,46,81095,3267,335,400,1275,0
3286,87,0,3049,26,61975,21,50,54001,14587,605,970,1283,1
2662,118,0,3469,52,74805,30,34,117860,23689,643,8427,1890,1
2227,144,0,3562,41,86470,65,53,167052,4705,698,6177,2800,0
3547,150,0,4451,58,172675,52,53,210261,15218,1607,0,3123,1
2665,94,0,2668,24,62270,11,87,76047,23359,698,8217,1612,1
2411,124,0,3326,37,69535,23,81,96465,14421,772,1926,2117,1
2044,111,1,2389,33,68220,41,47,102646,11202,543,33611,2708,1
2001,111,1,2497,19,66120,58,23,89530,8824,735,5226,2335,0
3232,130,0,3905,47,93655,31,73,117216,18569,727,1438,1957,1
2562,103,1,3092,32,62340,25,59,80873,8711,768,515,1627,1
2342,121,1,2727,19,86725,41,58,102048,7512,1287,5348,2572,0
5931,150,0,9822,42,114720,20,27,122215,16899,396,13665,1335,1
2618,120,0,3275,46,79240,30,75,104300,23343,742,10152,2053,1
2454,142,0,3582,38,85745,64,29,169890,6032,1037,0,2691,0
2670,147,0,3610,47,117530,45,46,168884,6995,1497,4474,2978,0
1840,99,0,2300,12,50410,62,41,79205,2477,676,5325,2079,0
2813,148,0,3410,60,156300,68,80,279983,13199,2086,240,4072,0
2496,142,0,3550,38,100565,55,47,145476,3146,1115,2283,2803,0
2693,139,0,3746,31,91235,34,68,111787,14576,1136,7215,2392,1
2082,126,0,3194,25,69625,53,32,104051,2028,763,4793,2340,0
5030,150,0,7760,32,152825,37,25,157968,15082,527,9387,1980,1
1975,94,0,2354,15,51025,46,51,84770,2368,649,2446,1849,0
5976,150,0,9418,42,150300,35,19,141747,18138,550,13382,1697,1
2158,109,0,2693,16,62205,46,50,80016,4769,822,5424,2065,0
2450,138,0,3737,41,81205,69,32,157512,5895,820,6379,2333,0
2892,127,0,3803,53,78820,43,81,116875,22631,714,9513,1909,1
2488,141,0,3488,38,96290,65,70,143716,4572,884,2562,2657,0
5533,150,0,8559,40,141075,41,39,177933,16287,508,400,1802,1
2933,111,0,3495,46,67160,23,47,122282,21575,602,3407,1627,1
5207,150,1,11694,25,123360,39,16,130429,18151,449,2602,1643,0
3208,98,0,3346,49,62925,23,46,84245,16410,571,807,1388,1
2902,123,1,3011,39,109795,28,32,122767,22651,881,0,2502,1
6702,150,1,10938,40,130045,17,31,98099,20705,537,400,1268,1
2848,91,0,3086,19,56375,32,42,66375,13572,429,412,1346,0
3264,150,0,3804,57,196030,55,68,286424,18684,2334,4181,4122,1
6468,147,0,9171,26,124630,20,31,69808,19914,648,0,1231,1
2285,122,0,3024,33,77440,51,44,147653,10114,779,8438,2244,0
5556,150,0,8651,37,138685,29,45,121009,18250,457,0,1595,1
2050,99,1,2683,14,45840,41,49,75665,678,524,1944,1815,0
3412,150,0,3811,70,172285,92,58,346460,17225,1927,0,4380,1
4401,127,0,6607,18,79195,35,17,91458,4652,256,0,1154,0
2726,143,0,4114,42,98600,51,101,187209,15373,1179,11727,2613,0
642,3,0,379,2,1125,3,1,477,148,5,0,113,1
3027,149,0,3674,47,151475,80,57,248420,23369,1703,690,3808,1
1866,102,0,2731,19,44355,50,24,75243,3696,323,1039,1848,0
2739,150,0,4025,44,107765,58,54,173915,20851,1086,6300,2822,1
2853,150,0,3611,51,122820,63,48,158039,23707,1284,0,3236,1
3072,144,0,3752,48,129225,51,72,199769,14078,1523,0,3127,1
2773,150,0,3782,41,108265,62,71,177634,8309,1370,261,3197,0
1881,82,0,2130,8,40280,49,49,48846,5676,501,375,1598,0
2944,123,0,3479,46,85325,39,60,111695,27609,828,1545,2106,1
4212,135,0,7204,9,77705,35,12,56857,1385,400,532,1205,0
2131,124,0,2813,16,71795,52,56,85812,6426,943,11767,2523,0
2065,108,0,2539,26,67155,45,51,93851,7087,680,975,2104,0
2340,125,0,3049,25,80625,50,39,133862,4702,890,1604,2419,0
2868,136,0,4082,38,93225,37,47,135040,23805,975,0,2176,1
748,4,0,582,2,1050,2,1,577,71,5,0,81,1
3089,140,0,4011,46,108155,36,75,160386,25660,1055,6413,2410,1
2316,135,0,3153,30,93160,43,60,147058,15289,1001,6418,2751,1
2512,118,1,2770,24,83180,55,34,110690,10247,982,3631,2418,0
2457,140,0,3812,38,100210,56,37,133634,9804,1191,5353,2733,0
3287,150,0,4367,70,142195,54,41,168188,22079,1637,0,2985,1
2686,141,1,3937,60,94465,56,19,161430,20579,851,168,2532,1
6418,147,0,9557,38,126450,28,35,138629,17490,471,2302,1315,1
3110,130,0,3270,36,114045,45,75,133186,22105,990,250,2531,1
2777,131,1,3580,50,96620,23,56,120757,21552,971,0,2326,1
2725,120,0,3494,45,76410,35,70,153726,16763,735,6709,1903,1
4230,80,0,4403,19,22785,33,0,12705,5058,85,518,709,1
2823,120,0,3668,1,75515,24,48,199279,11701,562,13980,1916,0
2348,142,0,3384,37,106970,72,62,154413,10525,1156,0,3164,0
2342,128,0,3010,32,90630,44,26,154813,15584,907,1947,2567,0
1798,82,0,1932,12,48090,34,27,47428,92,435,240,1797,0
2583,137,0,3520,35,86165,59,69,125658,10975,996,1898,2428,0
5584,150,0,8869,31,120320,27,27,103717,18575,479,6862,1477,1
2830,150,0,4233,63,111690,54,70,217676,18577,1248,788,2754,1
2775,127,0,3899,41,79275,41,54,142137,23428,651,8036,2025,1
2767,136,0,3863,57,93715,41,70,157958,22543,826,250,2257,1
5272,149,0,7994,37,136055,47,27,145987,15473,462,0,1722,1
6371,150,0,9566,47,180430,48,27,202520,18964,589,2079,1756,1
1870,80,0,2281,11,36770,43,27,61505,479,345,290,1481,0
3781,125,1,3656,47,110670,60,37,194857,19180,937,348,2683,1
2902,150,0,3780,73,135665,59,84,275282,20084,1346,600,3865,1
2367,118,0,2994,22,71880,33,61,91968,14937,1122,823,2141,0
3670,147,0,4961,40,128185,48,38,157455,11164,980,0,2454,0
2479,119,0,2683,20,94355,50,39,134292,12181,975,7613,2509,0
2728,101,0,3237,47,65325,35,48,92989,19771,539,68,1629,1
2513,111,0,3136,31,65705,30,33,75995,18852,724,1200,1905,1
3039,150,0,4228,70,161320,82,54,322464,10432,1933,16936,4114,1
2739,150,0,4036,53,124305,54,86,206049,15214,1350,5297,3170,0
4868,150,0,9026,30,95635,36,20,84020,9759,310,7324,1356,0
2733,137,0,3758,48,93960,42,57,134896,20775,897,5222,2356,1
5213,143,0,8670,23,92730,19,27,76136,10891,428,1969,1136,1
2643,131,0,3619,38,79735,35,60,155161,16919,869,0,2257,1
2223,119,1,2806,24,68140,46,80,104017,4815,728,4278,2362,0
5250,150,0,8944,31,117130,32,22,134689,12895,539,0,1636,1
3052,148,0,3994,50,130690,47,71,186970,16463,1685,6793,2993,1
2520,108,0,3117,40,67185,32,31,125367,20967,634,9330,1767,1
2710,150,0,3787,67,116570,74,37,259948,11019,908,11923,3576,0
4421,146,0,7725,22,127355,38,37,104360,12215,504,0,1722,0
1993,112,0,2729,26,65910,60,82,83257,1877,564,355,2170,0
1944,89,1,2380,14,49175,36,59,43973,1925,529,410,1645,0
5456,147,0,8650,29,101425,12,19,88657,9350,487,6386,1251,1
2180,91,0,2142,12,60165,48,21,71791,6975,742,8804,1901,0
2671,140,0,3393,33,101885,55,56,169853,10529,1234,8725,2893,0
2657,150,0,3788,56,135360,86,60,224199,14728,1520,2822,3929,0
2314,116,0,2683,22,88425,31,91,81244,11396,1076,6725,2403,0
2913,150,0,3906,56,124115,56,72,207567,11797,1498,8216,3077,1
2955,145,0,4222,46,107215,45,87,132390,23687,1152,1150,2524,1
2937,129,0,3831,54,77655,46,38,141831,16658,636,13129,1993,1
2912,144,0,4091,43,106740,51,83,156526,11353,1385,5113,2778,0
2974,150,0,3478,32,173335,57,42,259705,12305,2243,13154,4081,0
2434,119,1,3156,27,79060,47,54,151502,6172,888,0,2151,0
2707,149,0,3839,45,112740,76,34,215865,15293,1007,13412,3203,0
2935,139,0,3676,35,109010,29,64,148827,18816,1479,2276,2578,0
5706,150,0,7533,42,213385,57,20,267613,20757,976,5710,2840,0
2431,114,0,3022,42,74090,30,53,97224,23064,584,9935,2078,1
2811,150,0,3543,52,130330,66,45,234456,23513,1158,22153,3449,1
3131,147,0,3702,74,188185,71,76,345909,27096,1762,0,3773,1
2661,142,1,3840,34,97565,63,83,191572,7186,1117,2734,2855,0
2427,129,0,3058,37,88295,57,38,180469,11844,775,335,2522,0
2749,150,0,4392,50,108150,62,37,165349,23811,988,2311,2926,0
3059,97,0,3371,52,68875,16,46,90453,14270,617,839,1358,1
2959,121,0,3857,40,76080,33,86,144192,22205,958,1695,1782,1
2833,148,0,3539,42,134025,48,81,175141,19928,1519,2265,3264,0
3616,104,0,4238,29,60295,19,55,70714,22068,457,0,1210,1
1922,87,0,2613,18,41430,50,30,70567,880,289,0,1446,0
2739,104,0,3075,30,70975,25,59,67296,17798,735,0,1660,1
6073,150,0,8838,35,142330,33,27,164836,20120,633,8188,1692,1
2543,137,0,3357,32,100285,40,82,161399,11725,1365,19514,2642,0
2260,127,0,3677,27,71415,64,67,100094,5791,707,1504,2185,0
1922,135,0,3588,32,62830,85,37,172109,1016,388,159,2492,0
2753,142,0,3629,43,113500,36,55,164077,21928,1093,999,2811,1
2445,145,0,3435,46,117325,72,50,239304,3158,1070,800,3334,0
2852,134,0,3456,37,106505,52,49,132997,11842,1191,8073,2529,0
2638,103,0,2969,49,74195,31,73,82192,14928,625,200,1740,1
2457,135,1,3011,35,115430,56,101,145805,6774,1216,2203,3313,0
2765,147,0,4002,48,98865,42,78,128098,11225,1229,3563,2573,1
5237,138,0,7370,39,93575,16,13,96796,16801,314,15313,1192,1
2905,127,0,3544,43,100535,32,65,131672,20479,770,4879,2190,1
3165,150,0,4131,46,136405,56,42,234813,17217,1326,2782,3066,0
2865,127,0,3498,47,85045,25,63,102953,20655,911,15037,2132,1
3322,146,0,3484,40,143835,54,94,176690,23528,1553,1683,3144,0
2577,127,1,3304,29,89345,39,78,144110,11964,1216,10302,2339,0
2698,125,0,3462,10,85455,34,24,178290,15345,689,1355,2201,0
2986,135,0,3924,8,107175,38,42,268916,5375,691,24553,2418,0
1836,115,1,2529,19,61395,58,50,76127,3516,616,0,2363,0
2772,137,0,3758,43,92260,27,73,142149,24255,972,3265,2304,1
2256,111,1,2906,19,59225,40,49,85149,5603,624,2097,1994,0
2685,111,0,3208,51,72710,27,53,115756,20358,593,940,1796,1
2411,100,0,2751,22,67510,38,60,128376,20233,826,0,1834,0
2492,138,0,3526,38,86805,55,66,142650,9449,1041,2784,2598,0
2356,129,0,3321,42,86110,59,41,147981,14668,666,1807,2446,1
6684,150,0,9080,69,218650,76,18,300576,11680,907,7861,2865,0
3071,150,0,4023,50,129985,62,49,251988,13845,1487,7190,3166,0
2953,143,0,4128,49,109540,40,58,166348,23790,1193,1170,2438,1
2619,147,0,3853,53,102115,46,56,169142,8567,990,0,2822,1
4540,148,0,8225,15,101865,50,18,67997,2007,459,1078,1529,0
2216,125,0,2879,10,85110,47,41,104746,14328,1118,277,2559,0
3032,147,0,3692,41,141315,54,70,202772,18616,1771,11852,3322,0
2697,115,0,3312,35,73915,23,64,101403,25842,766,11555,1848,1
2681,147,0,3520,50,126785,65,32,293380,4359,1383,125,3457,0
1961,111,1,2775,22,60285,48,26,102362,2063,654,110,2087,0
2202,144,0,3699,38,76805,83,65,181202,3590,702,8956,2641,0
2325,135,0,3319,42,78880,65,41,161391,7310,726,26470,2672,0
3033,134,0,3973,16,80295,61,43,117173,7638,666,0,2087,0
2520,119,0,3192,42,74165,49,33,95320,14166,756,400,2093,1
2074,93,1,2298,14,58245,34,44,113373,4769,666,7569,1893,0
2436,119,0,3250,56,66665,23,43,124525,21294,465,18244,1987,1
5954,150,0,9114,47,210505,48,30,255835,22210,899,375,2341,1
1997,132,0,3155,23,73955,40,42,125724,3731,698,0,2561,0
2499,89,0,2539,29,58110,14,75,60171,18343,575,384,1546,1
2520,147,1,4025,51,93140,60,58,202824,8459,1038,1945,2762,0
2548,97,1,2195,40,91700,26,15,108592,19787,794,6425,3082,1
2717,91,0,2711,33,66675,14,58,91308,22778,587,6855,1510,1
2154,131,0,3089,28,78405,69,38,144211,18668,790,1260,2775,0
3041,149,0,3510,43,156640,50,60,261502,21763,1909,0,3681,1
2173,138,0,3250,27,88405,47,46,147498,7165,934,0,2791,0
1803,91,0,2264,18,49980,42,34,61703,4274,383,0,1787,0
2874,146,0,4279,53,97660,47,61,139042,22978,1001,2355,2285,1
3288,109,0,3350,32,80435,21,31,62521,23057,876,3696,1687,1
3748,143,0,7982,13,69995,46,26,79653,314,270,617,1189,0
3044,124,0,3792,51,85880,32,44,108486,23315,798,5245,1858,1
2152,103,1,2669,29,55715,47,22,80881,2886,496,4239,1998,0
2174,120,0,2788,23,72215,54,40,146697,4173,861,9074,2438,0
3008,150,0,3774,55,132705,52,60,295917,17329,1304,27341,3325,1
5906,150,0,8631,29,118510,21,22,103986,17394,463,11791,1332,1
2479,141,0,3514,37,95415,42,39,168304,8248,1515,0,2610,0
2721,143,0,3743,25,107410,41,106,131218,12717,1118,2506,2666,1
4232,150,0,8687,33,95495,34,14,118174,4924,237,5014,1403,0
5232,147,0,8879,26,87335,22,22,87769,9600,377,15082,1159,1
3481,143,0,3655,43,155650,44,72,254654,26583,1725,13435,2988,1
2433,139,0,3069,25,107595,68,34,172758,3392,1012,0,2867,0
2032,106,0,2618,26,62180,49,49,70809,3110,559,5333,2044,0
3306,150,0,3658,58,186675,65,50,303201,23481,2613,720,4418,1
2540,135,0,3802,61,83005,53,34,193287,23385,524,0,2204,1
1818,98,0,2388,23,50620,50,33,70426,4133,393,126,1919,0
3834,112,0,4250,45,81200,22,59,70247,25315,412,0,1424,1
2372,87,0,2675,16,45225,51,60,94798,22188,616,3794,1458,0
2863,96,0,3126,36,59395,12,48,86714,17856,667,2455,1470,1
2731,107,1,3324,48,58360,30,61,82598,17146,530,1380,1699,1
3121,150,0,4285,68,147630,77,48,249065,10263,1148,1895,3496,0
2344,131,0,2814,30,104170,30,32,137014,13444,1316,3666,2849,0
2687,148,1,3390,44,125215,74,48,203013,4807,1588,9743,3874,0
2712,144,0,3903,38,96315,48,58,167699,19446,1101,1125,2574,1
2720,140,0,3379,42,110885,46,79,129551,20760,1068,7357,2825,1
2554,123,0,3388,26,74315,35,59,139564,19635,777,11460,2053,1
2330,111,0,2841,17,71900,43,39,102688,17652,1059,312,2004,0
2721,124,0,3331,45,88115,29,80,99584,20754,887,0,2164,1
3046,125,0,3460,28,93700,42,73,103773,18776,894,0,2210,1
2483,114,0,3057,26,77190,48,47,138205,14251,816,1665,2030,0
2952,150,0,3933,43,119280,61,83,240495,16071,1496,19119,3198,1
2626,84,0,2495,27,61900,18,49,71437,19061,562,1096,1429,1
2759,135,0,3717,38,86120,40,37,104788,11737,990,1566,2278,1
2182,125,0,3182,23,69140,52,48,116650,4117,960,5328,2315,0
5976,150,0,8341,39,210175,41,67,207905,18927,929,4096,2312,1
5428,150,0,9503,41,118460,35,13,125768,12739,396,2253,1453,1
5816,150,0,9088,40,172480,32,14,144085,15476,732,0,1874,1
2683,137,0,3788,43,95045,43,90,128017,18610,1100,1727,2512,1
2171,118,0,3165,33,70750,55,65,122146,10505,625,404,2160,0
2618,127,0,3414,51,79550,28,115,137810,26709,764,7884,2202,1
2478,110,0,2451,24,83360,75,60,155263,3398,584,2017,2450,0
2919,148,1,3720,61,137200,93,77,310716,11623,1741,11915,3863,0
3034,150,0,3860,61,159700,74,66,274128,23790,1654,11487,3822,1
2122,105,1,2660,31,58640,39,41,93458,3175,594,626,2027,0
2282,96,0,2534,15,62335,38,45,77544,6903,669,2487,1837,0
2558,139,0,3810,49,82890,58,43,152597,9349,747,11853,2316,1
3315,149,0,4641,57,95200,31,68,177109,21113,1109,11490,2263,1
5102,150,0,8473,39,155110,62,30,160142,6034,537,0,2088,0
3049,149,0,4124,57,138295,65,53,217986,12872,1535,3302,3092,0
2377,103,0,3074,14,56635,27,9,120002,15400,329,0,1653,0
1976,110,1,2512,20,67315,39,58,102384,2350,730,6447,2277,0
2930,135,0,3762,44,103645,37,53,152611,22689,1044,2765,2311,1
2639,100,1,2874,21,58065,35,26,74420,4172,722,0,1791,0
2553,130,0,3448,28,90445,39,67,122301,12077,995,2623,2295,0
2828,109,1,2945,38,71855,42,25,90929,3099,620,2457,2076,0
2016,92,0,2433,16,50925,45,49,79761,7907,600,351,1761,0
2914,149,0,3764,41,130305,70,80,177566,9123,1522,0,3410,0
2070,103,1,2577,16,58130,41,60,77386,2530,588,1125,1939,0
2706,128,0,3550,50,90225,32,64,118699,23225,891,6111,2234,1
2961,141,0,3663,34,117110,54,35,142533,4419,1045,125,2577,0
2971,143,0,3928,52,107050,38,46,174326,24890,1050,3049,2569,1
1863,104,0,2262,22,59880,58,44,90975,5151,579,1587,2305,0
2695,142,0,3517,42,113265,43,39,128431,21025,1134,8100,2885,1
5575,150,0,8112,25,133460,28,26,152443,12139,536,3508,1539,1
2747,150,0,3945,51,105255,55,84,206967,19071,999,1769,2815,1
3156,150,0,4192,75,150360,75,35,266280,24177,1630,20948,3603,1
5983,149,0,9401,29,105625,32,33,136348,19086,368,8832,1310,1
2971,138,0,3868,49,129765,115,25,206435,16853,1165,3936,3309,1
2759,131,0,3319,23,91555,42,68,135852,6627,1203,1318,2344,0
4279,137,1,8885,10,60010,39,14,47177,2555,253,0,1003,0
2612,150,0,3540,50,111845,47,30,216332,25237,1211,24352,3140,1
5786,150,0,6964,38,191400,60,40,281222,16588,725,54822,2365,0
5915,149,0,9107,23,112695,21,19,89204,17267,541,2897,1314,1
1394,26,1,1522,3,9785,2,25,10466,100,84,0,390,1
2645,124,0,3218,24,92740,49,38,128820,5920,970,0,2357,0
2905,139,0,4171,58,92755,45,85,200474,17497,945,1696,2254,1
3109,149,0,3762,49,144970,48,59,196075,23910,1553,13936,3389,1
2995,126,1,3972,41,94050,22,54,125337,15674,1061,1863,2185,1
2623,103,1,3126,37,66030,21,66,82929,17546,595,1015,1607,1
2508,7,1,226,0,430,8,1,1541,0,5,0,190,0
2880,150,0,4070,44,120655,63,62,192986,20405,1415,699,3106,0
2541,149,0,4247,54,87645,88,36,170350,4360,693,0,2639,0
3061,150,1,3713,38,125420,63,71,208677,13821,1625,9272,3269,0
2692,138,0,3578,40,100830,37,67,136266,20721,1094,1316,2544,1
2498,121,0,3268,32,72885,57,62,121193,2596,803,3540,2068,0
2820,121,0,3647,56,78020,29,58,117621,14676,865,0,1891,1
1915,87,0,2245,15,45955,42,45,74525,11072,446,1139,1717,0
2030,105,0,2334,19,68400,41,32,96528,6474,750,5792,2300,0
2341,113,0,2671,22,79470,52,59,88727,13834,955,205,2358,0
3709,125,0,6948,11,63335,44,21,70400,678,278,345,1050,0
3191,147,0,3885,37,117060,50,68,155266,17223,1376,942,2783,1
2585,136,0,3739,42,99565,78,55,178367,25209,909,1277,2873,0
3026,139,0,4042,46,104265,49,89,166979,15966,1401,859,2415,1
2816,146,0,3604,56,132865,50,84,227848,20094,1515,7995,3426,1
824,4,0,574,2,750,3,0,351,70,8,0,112,1
6110,150,0,8822,31,120545,35,23,104526,12086,617,975,1352,1
2732,124,0,2989,30,90620,47,42,106647,26619,842,2461,2361,1
2480,129,1,3296,36,88160,45,52,137715,3416,981,4392,2576,0
2132,83,1,2422,19,48755,51,41,68922,2685,484,1962,1552,0
4631,147,0,8169,36,122080,47,19,120841,4043,344,0,1732,0
2241,131,0,3106,31,85975,48,78,107937,1328,1065,0,2602,0
2540,119,1,2897,29,90515,46,27,102183,4370,1031,3905,2453,0
2842,150,0,3925,52,106500,59,58,220408,12965,1097,0,3013,1
2497,144,0,3445,36,91335,81,30,142132,13600,916,12426,2929,0
2629,111,1,3155,36,73185,31,65,94113,14333,826,13774,2017,1
2581,144,0,3557,39,102485,59,79,162589,9035,1125,2231,2741,0
2741,141,0,3808,47,96530,39,123,116892,19713,1044,1350,2438,1
5735,149,0,9554,38,121550,40,21,137231,12715,443,1819,1447,1
2450,126,0,3507,40,75560,63,25,107321,11110,571,0,2121,0
2376,109,0,2656,23,72275,46,46,83145,8592,945,1852,2123,0
2653,147,0,3838,51,125150,91,48,185699,12978,1182,0,3737,1
2693,90,0,2861,37,61190,15,73,70800,20848,508,2615,1456,1
4589,137,0,8859,20,72015,12,22,92212,10097,312,14015,996,1
2639,127,0,3596,41,74820,51,48,119886,21207,709,5049,2125,1
2670,127,1,3402,36,75785,34,26,99257,28946,922,14354,2209,1
1605,82,0,1779,8,44765,43,53,59514,3714,394,1400,1934,0
2753,143,0,3633,39,104450,45,57,202281,26991,1311,35674,2795,1