Index,Radiant_GPM,Dire_GPM,Radiant_XPM,Dire_XPM,Leaver_status,Result,Radiant_Win
0,1656,3257,1785,2795,0,Dire,0
1,6032,2929,8447,3613,0,Radiant,1
2,2783,1999,3690,2248,1,Radiant,0
3,5296,2804,9126,3207,0,Radiant,0
4,2385,2836,3088,3599,0,Dire,0
5,5067,1849,7946,2619,0,Radiant,1
6,2765,2088,3234,3102,0,Radiant,1
7,2653,2643,3947,3555,0,Radiant,1
8,2786,2101,2732,2667,0,Radiant,1
9,2777,1655,3735,1903,0,Radiant,0
10,2581,2791,2919,3815,0,Dire,1
11,4909,1947,9216,2140,0,Radiant,0
12,2991,5199,3331,9061,1,Dire,1
13,2361,2397,2239,2866,0,Dire,1
14,2684,2460,3905,2954,0,Radiant,0
15,2263,6091,2754,8220,0,Dire,0
16,2993,2038,4041,2153,1,Radiant,0
17,3458,2312,3722,2337,1,Radiant,1
18,2154,5295,2889,7475,0,Dire,0
19,2380,1949,3222,2034,0,Radiant,0
20,2891,2031,3522,2771,0,Radiant,1
21,2821,2891,3616,3131,1,Draw,0
22,2687,3113,3357,3840,0,Dire,1
23,2534,2827,2859,3782,0,Dire,1
24,2884,3078,4250,4203,0,Draw,0
25,2157,2854,2447,3667,0,Dire,0
26,2358,2722,3298,3668,0,Dire,1
27,2742,3120,3409,3906,0,Dire,1
28,3036,2690,3740,2908,0,Radiant,1
29,6154,2599,9008,2945,0,Radiant,1
30,3061,4829,3752,6715,1,Dire,1
31,2609,2733,3670,3479,0,Draw,1
32,2101,3001,2425,3945,0,Dire,1
33,2883,2293,3541,2596,1,Radiant,0
34,3556,2054,4840,3209,0,Radiant,0
35,2759,2972,3056,4125,1,Dire,1
36,2535,2655,3653,3587,0,Draw,1
37,4026,2879,7406,3844,0,Radiant,0
38,3193,1941,4008,1619,1,Radiant,1
39,3195,3249,4115,4166,0,Dire,1
40,1836,2581,2573,3394,0,Dire,0
41,2566,3280,3349,4252,0,Dire,0
42,3245,2216,3919,2881,0,Radiant,1
43,2473,3986,3542,5112,0,Dire,0
44,4819,2134,9211,2955,0,Radiant,0
45,2987,3129,1795,3689,0,Dire,1
46,2823,1858,2665,2463,0,Radiant,1
47,4909,5054,9057,9205,0,Dire,1
48,3075,2720,2942,2951,0,Draw,1
49,2703,2672,3424,3566,0,Draw,0
50,2225,2701,2501,3709,0,Dire,0
51,2488,3423,3715,4306,0,Dire,0
52,2998,2675,3812,2852,0,Radiant,1
53,2591,1830,3007,2373,0,Radiant,0
54,4382,2778,5433,3016,0,Radiant,1
55,5722,2549,9082,3831,0,Radiant,1
56,2806,3698,3479,3159,0,Draw,1
57,2857,2140,3942,2617,0,Radiant,1
58,2449,3653,3300,3958,0,Dire,0
59,4688,1961,10008,2640,0,Radiant,0
60,6038,2633,8163,3081,0,Radiant,1
61,3536,2520,3756,3833,0,Draw,1
62,2904,2886,3723,3703,0,Radiant,0
63,2450,5145,3208,9375,0,Dire,0
64,1682,2693,1727,3556,0,Dire,0
65,3089,2506,3889,3212,1,Radiant,1
66,2860,2926,3141,3575,0,Dire,1
67,5373,2583,7755,3336,0,Radiant,1
68,2670,2385,3559,3484,0,Radiant,0
69,3103,3214,4355,4119,0,Draw,1
70,3028,2193,4027,1794,1,Radiant,1
71,6187,5654,9768,8701,0,Radiant,1
72,4792,2513,7934,3466,0,Radiant,0
73,6247,1760,10617,2381,0,Radiant,0
74,2745,3080,2974,3052,1,Dire,1
75,6310,5683,8053,8194,0,Draw,1
76,2851,2992,3653,3748,0,Dire,1
77,5372,2986,9609,3676,0,Radiant,0
78,2764,5975,3661,7218,0,Dire,1
79,1890,2850,2420,3161,0,Dire,0
80,1924,5896,2486,10327,1,Dire,0
81,5140,2851,8423,4128,0,Radiant,0
82,2493,2758,3423,3952,0,Dire,0
83,2901,3277,3806,3508,0,Draw,1
84,2201,3093,2847,3992,0,Dire,1
85,4062,2771,5862,3589,0,Radiant,0
86,2954,6686,5521,9165,0,Dire,0
87,2026,3011,2861,3237,0,Dire,0
88,2815,1998,3907,2823,0,Radiant,1
89,2408,6195,3135,9838,0,Dire,0
90,2300,2676,3130,3432,0,Dire,0
91,2016,2911,2294,3874,0,Dire,0
92,4352,2642,7050,3317,0,Radiant,0
93,5543,2626,7389,3786,1,Radiant,1
94,2142,2698,2747,2969,0,Dire,0
95,2605,2443,3838,3413,0,Radiant,0
96,2447,1965,3009,2254,0,Radiant,0
97,2753,3007,3939,1544,0,Draw,1
98,3091,1943,4192,2408,0,Radiant,1
99,2748,2840,4126,3495,0,Draw,0
100,2897,2272,3860,1798,1,Radiant,1
101,2441,2349,3420,3370,0,Radiant,1
102,2595,5257,3030,7859,0,Dire,0
103,2606,2737,3808,3139,0,Draw,0
104,2501,5567,3309,8694,0,Dire,0
105,5631,2660,9958,3417,1,Radiant,1
106,2764,2430,3813,3233,0,Radiant,1
107,2682,2876,4172,3288,0,Draw,1
108,3024,6021,4037,8816,0,Dire,1
109,2708,2688,3964,2761,0,Radiant,1
110,2361,2789,3002,3734,0,Dire,1
111,3195,2973,3882,4044,0,Draw,1
112,607,5781,949,7674,0,Dire,0
113,2354,2871,3141,3831,0,Dire,0
114,6046,2329,9303,2862,0,Radiant,0
115,2835,1844,3131,2148,0,Radiant,1
116,4882,2342,8545,2940,0,Radiant,1
117,2410,3636,3020,3934,0,Dire,1
118,2693,2669,3565,3319,0,Radiant,1
119,2732,3093,3760,3513,0,Draw,1
120,4964,2495,8682,3412,0,Radiant,1
121,3071,6169,4385,9542,0,Dire,1
122,2576,3094,3413,3807,0,Dire,1
123,3065,3051,4266,4226,0,Radiant,1
124,2493,6343,3959,8901,0,Dire,0
125,3013,2453,3595,3179,0,Radiant,1
126,3165,6044,3957,8569,0,Dire,1
127,2780,2847,3605,4116,1,Dire,1
128,6197,2667,10673,3628,0,Radiant,1
129,2625,3117,3217,3553,0,Dire,0
130,2898,2655,3868,3284,0,Radiant,1
131,2568,4225,2899,7228,0,Dire,0
132,2840,2708,3671,4178,0,Draw,1
133,2059,6314,2608,12747,0,Dire,0
134,2168,2786,1791,3851,0,Dire,0
135,2437,5697,2761,10472,0,Dire,1
136,3872,2966,5665,4252,0,Radiant,1
137,6371,2229,9373,3017,0,Radiant,1
138,2622,3143,3688,3868,0,Dire,1
139,3449,4337,4342,7706,0,Dire,1
140,2631,2731,3506,3917,0,Dire,1
141,3224,2733,3856,3206,0,Radiant,1
142,4212,2397,7595,3350,0,Radiant,0
143,2559,6771,4003,10074,0,Dire,0
144,3005,5614,3776,8181,0,Dire,0
145,2764,1932,4119,2811,0,Radiant,1
146,2482,2370,3700,3032,0,Radiant,0
147,3263,4425,3932,7272,1,Dire,0
148,2566,2654,3635,3203,1,Draw,0
149,2824,6077,3461,8962,0,Dire,1
150,1840,1973,2333,2807,0,Dire,0
151,2215,2868,3138,3537,0,Dire,0
152,2701,2774,3967,3550,0,Draw,1
153,2608,2718,3444,3040,0,Draw,1
154,5400,4578,5927,7774,1,Draw,1
155,6498,2236,10276,2938,0,Radiant,1
156,2352,3149,2850,4026,0,Dire,0
157,2677,2096,4545,2578,0,Radiant,1
158,2748,3110,3662,3754,0,Dire,1
159,5594,2719,8080,3550,0,Radiant,0
160,6076,2897,9132,4230,0,Radiant,1
161,3194,2777,3900,3624,1,Radiant,1
162,3287,2293,4238,3188,0,Radiant,1
163,2885,2280,3829,3140,0,Radiant,1
164,2964,2524,3438,2869,0,Radiant,1
165,2751,2809,3742,3455,0,Draw,1
166,5958,2995,9864,3895,1,Radiant,1
167,2211,3210,2704,3574,0,Dire,0
168,2725,5503,3555,6953,0,Dire,1
169,4833,5366,9171,7842,0,Draw,1
170,3100,2554,4111,3534,0,Radiant,1
171,4225,2512,5222,3343,0,Radiant,1
172,2772,2279,3784,2640,0,Radiant,0
173,2746,2562,3694,3305,1,Radiant,1
174,1905,2420,2957,3418,1,Dire,0
175,2546,2849,3119,3711,0,Dire,0
176,2728,2511,3381,3293,0,Radiant,0
177,2525,2921,3931,3960,0,Dire,1
178,2498,2447,3411,2630,1,Radiant,1
179,4272,3117,6975,4160,0,Radiant,0
180,2951,2916,4147,3952,0,Radiant,1
181,2417,2862,3266,3613,0,Dire,0
182,1928,3063,2363,3867,0,Dire,0
183,2380,2071,3214,2639,0,Radiant,0
184,1843,2282,2583,3613,0,Dire,0
185,6052,2504,9577,3425,0,Radiant,1
186,2261,3922,2830,4418,0,Dire,0
187,6236,3035,8824,4343,0,Radiant,1
188,2642,2189,3401,2852,0,Radiant,0
189,3684,2536,6649,3243,0,Radiant,0
190,3024,2564,6442,3154,1,Radiant,0
191,2442,4409,2963,7975,0,Dire,0
192,2731,2615,3490,3588,0,Draw,0
193,3244,3467,3790,4135,0,Dire,0
194,5823,2156,7063,2965,0,Radiant,1
195,2521,2551,3354,3017,0,Draw,1
196,5096,3626,7578,4688,0,Radiant,0
197,6602,2920,9942,3577,0,Radiant,1
198,2614,2814,3293,3865,0,Dire,0
199,2839,2877,4272,3298,0,Draw,0
200,2364,2547,2816,3023,0,Dire,1
201,2641,1816,3160,2604,1,Radiant,0
202,2659,3131,3699,3953,0,Dire,1
203,2683,4174,3467,5504,0,Dire,1
204,2886,2662,3770,2714,0,Radiant,1
205,2991,2559,3988,3249,0,Radiant,1
206,3778,2548,6178,3519,0,Radiant,0
207,2894,2222,4065,2730,0,Radiant,1
208,2278,4787,2800,8782,0,Dire,0
209,2178,2002,2582,2748,0,Draw,0
210,2294,2820,3282,4190,0,Dire,0
211,2469,2251,3100,3098,0,Radiant,1
212,2854,2804,3779,4054,0,Draw,1
213,2792,3279,3518,3745,0,Dire,0
214,3869,3012,5258,3789,0,Radiant,0
215,2632,2695,3056,3592,0,Dire,1
216,1633,2833,2178,3967,0,Dire,0
217,2746,6171,3870,9401,0,Dire,1
218,2109,5405,3138,1215,0,Draw,0
219,3331,2644,4171,2550,0,Radiant,0
220,2631,758,3920,385,0,Radiant,1
221,6015,2832,9223,3736,0,Radiant,1
222,2827,2631,3651,2964,1,Radiant,1
223,2103,3163,2529,3156,0,Dire,0
224,2928,3188,4220,4406,0,Dire,0
225,1933,2234,2629,2718,0,Dire,0
226,2859,2812,4237,3751,0,Radiant,1
227,2630,2445,3811,3094,0,Radiant,1
228,2459,2882,3674,4030,1,Dire,0
229,3884,3526,3154,4354,0,Draw,1
230,2308,3003,3104,3454,0,Dire,0
231,2835,2283,3127,2922,0,Radiant,1
232,2262,3035,3189,4119,0,Dire,0
233,6595,2809,10898,3742,0,Radiant,1
234,6216,2869,8389,3627,0,Radiant,1
235,2736,2229,3513,3763,0,Draw,1
236,3082,2600,4181,3498,0,Radiant,1
237,2728,2897,3896,4485,0,Dire,1
238,2184,3073,2531,3887,0,Dire,0
239,2373,2486,3595,3265,1,Draw,1
240,2997,2563,3899,3344,1,Radiant,1
241,1789,5331,2162,7988,0,Dire,0
242,2749,2233,3609,2799,1,Radiant,1
243,4041,2401,7269,3315,0,Radiant,0
244,2811,2461,4379,3035,0,Radiant,1
245,4709,1729,8023,2383,0,Radiant,0
246,5716,3209,7864,3996,0,Radiant,1
247,5734,2651,7981,3699,1,Radiant,1
248,3153,4662,3877,7977,0,Dire,0
249,2015,2330,2756,3471,1,Dire,0
250,2445,2071,3524,2617,1,Radiant,0
251,2730,3154,3385,3876,0,Dire,0
252,2986,2785,3815,3945,0,Draw,1
253,4725,2804,9185,2767,0,Radiant,0
254,2376,2854,3492,3788,1,Dire,0
255,2885,3095,3598,3775,0,Dire,1
256,5209,3817,8959,4687,0,Radiant,1
257,4214,2587,6649,3231,1,Radiant,0
258,2416,2774,3115,3425,0,Dire,0
259,2487,4727,3361,9017,0,Dire,1
260,6042,1760,9149,1653,1,Radiant,1
261,2645,2465,3580,2357,1,Radiant,0
262,2837,2696,4043,3723,0,Radiant,1
263,2420,2025,3406,1537,1,Radiant,0
264,2886,3467,3891,8200,0,Dire,1
265,2295,2693,3489,3668,0,Dire,0
266,3281,2685,4164,3836,0,Radiant,1
267,5359,2465,8876,3201,0,Radiant,0
268,3134,2718,3539,3825,0,Draw,1
269,2960,2789,4075,3448,0,Radiant,1
270,2373,6381,3814,9167,0,Dire,1
271,2795,2829,3563,4268,0,Dire,1
272,4495,2995,8659,3242,0,Radiant,0
273,3364,4927,3244,8921,0,Dire,1
274,5685,5265,9284,9975,0,Draw,1
275,2616,3133,3351,3918,0,Dire,1
276,2342,2044,2981,2512,1,Radiant,0
277,2998,2826,4191,3717,0,Radiant,1
278,2990,2542,3438,2836,0,Radiant,1
279,2723,2357,3814,3171,0,Radiant,1
280,3055,2622,3363,3216,1,Radiant,1
281,2515,2673,2996,2399,1,Draw,0
282,5507,2208,9237,2867,1,Radiant,1
283,2346,2330,2687,2881,0,Draw,1
284,3448,2980,4040,3696,0,Radiant,1
285,4042,5209,7117,9400,1,Dire,0
286,3183,2492,2998,3112,1,Draw,1
287,3146,706,4048,776,0,Radiant,1
288,2479,2052,3557,2078,1,Radiant,0
289,2747,6186,3393,9938,0,Dire,0
290,3269,700,4109,895,0,Radiant,1
291,2978,6132,3686,9961,0,Dire,0
292,2316,2888,3233,4126,0,Dire,0
293,5918,2234,8295,3363,0,Radiant,1
294,2231,1893,2992,2721,0,Radiant,0
295,2840,3854,3151,4297,1,Dire,0
296,2944,4973,3967,7879,0,Dire,0
297,2473,4200,3151,7046,0,Dire,0
298,5603,2770,9301,3392,1,Radiant,1
299,2588,2977,3866,3699,1,Draw,0
300,4359,2713,5298,3485,0,Radiant,1
301,5858,2702,8722,2360,0,Radiant,0
302,2876,2906,3913,3929,0,Dire,1
303,2513,3226,3138,4157,0,Dire,1
304,2845,2924,3628,3746,0,Dire,1
305,4541,4938,7249,9056,0,Dire,0
306,2398,4114,3678,7111,0,Dire,0
307,2312,3212,2969,3781,0,Dire,0
308,3022,5519,4836,9795,0,Dire,1
309,2012,4969,3109,9278,0,Dire,0
310,2942,2689,3835,3898,0,Draw,1
311,2780,2484,3617,2979,0,Radiant,0
312,2666,2131,3187,3337,0,Draw,1
313,2570,2249,3542,2666,1,Radiant,1
314,2388,4058,3320,8331,0,Dire,0
315,3123,2657,4024,3889,0,Radiant,1
316,2199,2804,2995,3125,0,Dire,1
317,2830,2583,3672,2724,0,Radiant,1
318,2738,2346,4059,2979,0,Radiant,0
319,2870,6013,3287,8491,1,Dire,0
320,3104,2841,3519,3413,0,Radiant,1
321,2773,2549,3199,3605,0,Draw,1
322,5191,2119,7367,2695,0,Radiant,1
323,2197,2538,3210,3642,0,Dire,0
324,3425,2526,4018,3496,0,Radiant,1
325,2702,2744,3275,3664,0,Dire,1
326,3425,2250,3881,3384,0,Radiant,1
327,2865,3265,2725,4047,0,Dire,1
328,3909,2396,6192,3161,0,Radiant,0
329,3362,2949,4033,3485,0,Radiant,0
330,2823,3866,3858,6038,1,Dire,0
331,4781,3237,8924,3831,0,Radiant,0
332,6264,2511,7764,3682,0,Radiant,1
333,2611,3556,4411,3299,0,Draw,1
334,2163,6035,3639,10174,1,Dire,0
335,2347,2812,3588,4319,0,Dire,0
336,2649,2137,3669,3352,0,Radiant,0
337,3189,2951,4085,3693,0,Radiant,0
338,2709,5577,3636,9548,0,Dire,0
339,4466,2234,7944,3089,0,Radiant,0
340,2843,2655,2535,3619,0,Draw,1
341,2383,2231,3062,2956,1,Radiant,0
342,2683,5336,4059,7961,0,Dire,0
343,2647,2930,3760,3970,0,Dire,1
344,2937,3333,3599,4024,1,Dire,1
345,5556,3101,9464,3930,0,Radiant,1
346,3110,3512,3143,4065,0,Dire,1
347,3236,2415,3939,3124,0,Radiant,1
348,5538,2158,9183,2319,0,Radiant,1
349,3074,2813,3788,4059,0,Draw,1
350,1720,2034,2246,2278,0,Dire,0
351,1957,1962,2811,3199,0,Dire,0
352,6489,6055,8638,8047,1,Radiant,1
353,2683,2536,3846,3672,0,Radiant,1
354,2475,2764,3504,4246,0,Dire,1
355,2549,2327,2940,3358,0,Draw,1
356,6605,2935,8983,3974,1,Radiant,1
357,1746,2543,1997,3695,1,Dire,0
358,1850,2890,2264,3899,0,Dire,0
359,2425,2793,3349,4211,0,Dire,0
360,2777,3283,3976,3916,0,Draw,0
361,1839,3031,2481,3747,0,Dire,0
362,3176,2870,3892,4015,0,Draw,1
363,2507,2695,3153,4092,0,Dire,1
364,2507,3099,3705,3138,1,Draw,0
365,5479,2506,7307,3414,0,Radiant,1
366,2756,3115,3233,3665,1,Dire,1
367,2469,5776,3471,8283,0,Dire,0
368,2578,2736,3787,3936,1,Dire,0
369,2848,4414,3974,6880,1,Dire,1
370,2933,6244,3182,9404,0,Dire,1
371,2788,5396,3518,10206,1,Dire,1
372,2753,2563,3742,3523,0,Radiant,1
373,2699,2828,3733,4057,0,Dire,1
374,2422,2553,3156,3338,0,Dire,0
375,6188,2705,8795,3307,0,Radiant,1
376,3923,2794,4373,3422,0,Radiant,1
377,6058,2445,8842,3475,0,Radiant,1
378,3019,3173,2012,3958,1,Dire,1
379,4752,2560,8702,3299,0,Radiant,0
380,5253,5629,8607,6554,0,Draw,1
381,2779,2825,3473,3461,0,Draw,1
382,2501,4531,3240,7233,0,Dire,1
383,3111,2525,4199,3447,0,Radiant,1
384,2737,4403,3824,6742,0,Dire,1
385,2302,2078,3545,3198,0,Radiant,0
386,4114,2718,7093,3530,1,Radiant,0
387,2857,5106,2998,6481,0,Dire,1
388,3490,3227,4289,4079,0,Radiant,1
389,2769,3838,3877,4625,0,Dire,0
390,2666,2586,3915,3462,0,Radiant,0
391,2164,1683,2686,1998,0,Radiant,0
392,2877,2558,3015,3542,0,Draw,1
393,2219,1876,2771,2441,0,Radiant,0
394,5848,2650,9767,3931,0,Radiant,1
395,2800,2165,3186,3653,0,Draw,1
396,5832,2371,9208,3125,0,Radiant,1
397,2816,2418,5022,2932,0,Radiant,0
398,2027,2644,2670,3477,0,Dire,0
399,5699,2780,7493,3426,0,Radiant,1
400,2252,2649,2699,4012,0,Dire,1
401,5486,2684,8628,2999,0,Radiant,0
402,1833,3989,2005,6676,0,Dire,0
403,2631,5188,3409,7631,0,Dire,1
404,2243,2663,2771,3029,0,Dire,0
405,3593,521,4013,431,0,Radiant,0
406,3151,4484,4016,8397,0,Dire,1
407,3128,2345,3732,2817,0,Radiant,1
408,2338,2858,3039,3320,0,Dire,0
409,2634,3933,2720,5822,0,Dire,1
410,2520,2827,3306,3764,0,Dire,1
411,2446,2921,2988,3638,0,Dire,0
412,2371,1722,3033,2034,0,Radiant,0
413,2257,5153,3084,9431,0,Dire,0
414,2113,5933,2805,9720,0,Dire,0
415,2257,2278,3242,2570,1,Draw,0
416,3083,2416,3670,3767,1,Draw,1
417,3371,1887,4490,2364,1,Radiant,1
418,3626,3006,6205,3726,0,Radiant,0
419,5865,3040,8776,3359,0,Radiant,1
420,4739,5955,7505,9580,0,Dire,0
421,2672,2147,3015,2856,0,Radiant,1
422,2574,2964,3771,3253,0,Draw,1
423,5831,3089,10339,3204,0,Radiant,1
424,2811,2001,3723,2696,0,Radiant,0
425,4542,5883,7895,8410,0,Dire,0
426,2237,2899,3036,3943,0,Dire,0
427,2574,3390,3566,4016,0,Dire,0
428,2121,2711,2628,3716,0,Dire,0
429,2577,2980,2945,3427,0,Dire,1
430,2704,2368,1094,2844,0,Draw,1
431,2181,2199,3231,2569,0,Draw,0
432,2171,5521,2824,8123,0,Dire,0
433,3015,2519,3412,3695,0,Draw,1
434,2780,5611,3931,9203,0,Dire,0
435,1987,2863,2555,4326,1,Dire,0
436,4978,2062,9463,2697,0,Radiant,0
437,2360,2687,3437,3230,0,Draw,1
438,2290,2800,3422,3792,0,Dire,0
439,2100,2722,2429,3837,1,Dire,0
440,2661,1611,3151,1925,0,Radiant,0
441,2719,5863,3722,9251,0,Dire,1
442,2903,2301,3862,3586,0,Radiant,0
443,2452,2424,2910,3082,0,Draw,0
444,3298,3080,3508,3687,0,Draw,0
445,3094,3251,3984,3497,1,Draw,0
446,2348,2348,3261,2360,1,Draw,0
447,2875,3197,3358,3787,0,Dire,1
448,2931,2817,3860,4078,0,Draw,1
449,3505,2472,5079,3543,0,Radiant,1
450,2369,3446,2900,4172,0,Dire,0
451,2831,2233,3666,2910,0,Radiant,0
452,4438,6537,7416,10133,0,Dire,0
453,2164,3199,2604,3522,0,Dire,0
454,2482,2891,3875,3751,0,Draw,0
455,2655,4115,3531,6967,1,Dire,0
456,2597,2163,3151,2766,0,Radiant,1
457,2585,2833,4055,3756,0,Draw,1
458,2941,1339,3566,1512,1,Radiant,1
459,1937,3141,2427,3858,0,Dire,0
460,2139,2535,3221,3232,1,Dire,0
461,4134,2876,7748,3937,0,Radiant,0
462,2558,2594,2585,2973,0,Dire,1
463,2676,2825,2880,4177,0,Dire,1
464,2799,2981,3593,3643,0,Dire,1
465,4655,1781,7613,2477,1,Radiant,0
466,3938,2947,7278,3629,0,Radiant,0
467,2870,1647,3815,2064,1,Radiant,0
468,4891,2327,8635,3658,1,Radiant,0
469,4265,2457,9435,3043,0,Radiant,0
470,2414,1957,3453,2616,0,Radiant,0
471,5833,4596,6790,8117,0,Draw,1
472,2840,2655,3735,3345,0,Radiant,1
473,2446,6393,2998,9287,0,Dire,1
474,2184,3446,2260,4211,0,Dire,0
475,1589,2695,2146,3818,1,Dire,0
476,2576,6492,2678,8454,0,Dire,0
477,2846,5846,3505,8550,0,Dire,1
478,5243,2555,8831,3155,0,Radiant,1
479,2711,2220,3241,2730,0,Radiant,1
480,2470,1836,3177,2279,0,Radiant,0
481,2509,2582,3322,3744,0,Dire,1
482,2630,6530,3701,9968,0,Dire,1
483,5774,2873,9698,4305,0,Radiant,1
484,2143,2512,2370,2983,0,Dire,0
485,3116,2576,4272,2614,1,Radiant,0
486,2710,2467,3716,2431,1,Radiant,0
487,2168,2360,2567,3024,1,Dire,0
488,2784,3168,3836,3594,0,Draw,1
489,2820,2771,4439,3098,0,Radiant,0
490,3048,2459,4061,3439,0,Radiant,0
491,2559,2761,3648,4111,0,Dire,1
492,2618,1635,3537,2016,0,Radiant,0
493,5918,3062,9002,3835,0,Radiant,0
494,2915,2650,3852,3436,0,Radiant,1
495,2361,2906,3601,3771,1,Dire,1
496,2917,3080,3765,3392,0,Draw,1
497,6098,2575,9152,3164,0,Radiant,1
498,2726,2071,3727,2630,0,Radiant,1
499,2663,2745,3815,3966,0,Dire,1
500,2090,1873,2864,2620,0,Radiant,0
501,3059,3212,4091,3902,0,Draw,1
502,3087,5246,3840,10620,0,Dire,0
503,2231,3252,2439,3840,0,Dire,1
504,2719,2148,2348,2617,0,Draw,1
505,5592,4880,8608,5806,0,Radiant,1
506,2419,2524,3108,2000,1,Draw,1
507,2209,3013,2728,3702,0,Dire,0
508,3207,1628,3884,1194,1,Radiant,1
509,2771,5763,3444,8511,0,Dire,1
510,2230,2803,3019,3618,0,Dire,0
511,2017,2967,2586,3650,0,Dire,0
512,2747,2383,3743,3105,0,Radiant,0
513,2164,3081,2771,3851,0,Dire,0
514,2722,2859,3875,3602,0,Draw,1
515,2761,1647,2681,2147,0,Radiant,1
516,2394,2047,3991,2793,0,Radiant,0
517,3008,2392,4128,3573,0,Radiant,1
518,2641,2711,3156,3910,0,Dire,1
519,1962,1774,2528,2470,0,Radiant,0
520,2355,2833,3364,3921,0,Dire,0
521,2198,2612,3161,3931,0,Dire,0
522,4726,2298,8429,3173,0,Radiant,0
523,2933,2929,3852,4386,0,Draw,1
524,2620,5488,3475,7983,0,Dire,0
525,2648,2822,3241,2997,0,Draw,1
526,2774,5979,3686,9423,0,Dire,1
527,3752,5692,3535,8446,0,Dire,0
528,4892,2515,8200,3164,0,Radiant,0
529,2011,3013,2104,4077,1,Dire,0
530,2886,2591,4044,2851,0,Radiant,1
531,3365,2531,3809,3928,0,Draw,0
532,2692,2685,3563,3748,0,Draw,0
533,2725,2498,4065,3720,0,Radiant,1
534,912,2502,669,3130,0,Dire,0
535,2934,5603,4074,8973,1,Dire,0
536,2496,4162,3588,7507,1,Dire,0
537,2117,5496,1993,6802,0,Dire,0
538,2711,2911,3611,3922,0,Dire,0
539,5821,2782,9028,3937,0,Radiant,1
540,2484,3269,3157,4692,1,Dire,0
541,2656,2377,4123,2552,1,Radiant,0
542,2854,2887,3899,3291,0,Draw,1
543,4553,2642,7238,3468,0,Radiant,0
544,1992,2878,2100,3782,0,Dire,0
545,2269,3797,2537,6406,0,Dire,0
546,2231,2959,3110,4826,0,Dire,0
547,2076,5721,2446,12409,0,Dire,0
548,2803,2845,3218,3574,0,Dire,1
549,2967,2817,3670,3426,0,Radiant,0
550,2151,3092,2616,4041,0,Dire,0
551,2914,2776,3932,3297,0,Radiant,1
552,3082,2773,4161,3751,0,Radiant,1
553,3195,1479,3829,1700,0,Radiant,1
554,2765,3082,3960,3667,0,Draw,0
555,5494,3076,8620,3203,0,Radiant,1
556,3216,5828,4268,8479,0,Dire,1
557,3076,2292,4103,2099,1,Radiant,1
558,5973,2865,7364,3825,0,Radiant,1
559,2851,2604,3376,3609,0,Draw,1
560,2674,2628,3731,3744,0,Draw,0
561,3612,2473,3655,2035,1,Radiant,1
562,2531,3228,3301,4079,0,Dire,1
563,2183,4449,2047,6904,1,Dire,1
564,3363,2278,3504,2640,1,Radiant,1
565,6596,5021,10936,8046,1,Radiant,1
566,2160,2665,2960,3037,0,Dire,0
567,6712,2880,9848,3518,0,Radiant,1
568,2222,2708,3483,3678,0,Dire,0
569,2958,2012,3862,2710,0,Radiant,1
570,2654,3384,3348,4008,0,Dire,1
571,2496,2935,2777,3183,0,Dire,1
572,2672,2661,3829,4255,0,Draw,1
573,5543,2349,7527,3043,0,Radiant,1
574,5845,2460,10286,3650,0,Radiant,1
575,2765,3005,3594,3657,0,Dire,1
576,6465,3728,9175,5215,0,Radiant,1
577,2938,2667,3380,3763,0,Draw,0
578,2248,2485,2883,3574,0,Dire,0
579,2814,2584,3964,3683,1,Radiant,1
580,1958,4341,2407,7879,1,Dire,0
581,5641,5350,7457,10630,0,Draw,1
582,3141,2612,3373,3624,1,Draw,1
583,6380,1979,8718,2451,0,Radiant,1
584,2816,2747,4232,3865,0,Radiant,1
585,2688,1688,3847,2125,0,Radiant,0
586,1465,2789,1435,3896,1,Dire,1
587,2533,2756,2946,3386,0,Dire,1
588,2626,2666,3316,3126,0,Draw,0
589,2619,2842,2388,4031,0,Dire,0
590,2468,2342,2769,3526,0,Draw,0
591,2595,4809,3195,7017,0,Dire,1
592,2585,2435,1924,3263,0,Draw,1
593,2665,3183,3771,4163,0,Dire,0
594,3062,2595,3716,2914,0,Radiant,0
595,2578,3542,3596,6532,0,Dire,0
596,2458,4392,2605,9462,0,Dire,1
597,2724,3063,3545,4594,0,Dire,1
598,2428,2820,2886,2947,0,Dire,0
599,5171,2937,10283,2738,0,Radiant,0
600,2241,2710,3043,2776,1,Draw,0
601,2226,3044,3472,4235,0,Dire,0
602,3056,2488,2993,3170,0,Draw,1
603,5696,3279,7679,4097,0,Radiant,0
604,3182,2309,4503,3032,0,Radiant,1
605,3138,2321,4223,3084,0,Radiant,1
606,2866,2225,4087,2626,0,Radiant,1
607,2097,5092,2959,9398,0,Dire,0
608,5860,2622,8253,3339,0,Radiant,1
609,3084,2573,1577,3790,0,Draw,1
610,3438,6114,4291,8713,0,Dire,1
611,2931,1572,3768,2022,1,Radiant,1
612,2840,2304,4045,2955,0,Radiant,0
613,2125,2653,2919,3568,0,Dire,0
614,5077,4255,7437,8933,0,Draw,0
615,2315,2287,3404,2706,0,Radiant,0
616,3500,2653,4798,4129,0,Radiant,0
617,1795,5111,2126,8687,0,Dire,0
618,2809,2942,2900,4244,0,Dire,1
619,2658,2028,3928,2779,0,Radiant,0
620,2097,2877,3024,3663,0,Dire,0
621,1944,2389,2248,2930,0,Dire,0
622,2583,768,3698,408,0,Radiant,1
623,3312,2167,3785,3158,0,Radiant,0
624,2910,599,3905,460,0,Radiant,0
625,5364,2470,7554,2837,0,Radiant,1
626,2382,2534,2788,2689,0,Draw,1
627,3084,2483,3441,3106,0,Radiant,0
628,3045,5538,3457,9142,0,Dire,1
629,1788,2461,2684,3641,0,Dire,0
630,2892,2881,3831,3670,0,Radiant,1
631,2471,2367,3373,2689,1,Radiant,0
632,2504,3005,3325,3917,0,Dire,1
633,431,3060,936,3639,0,Dire,1
634,2287,2364,2588,3417,0,Dire,1
635,3051,2832,3725,3499,0,Radiant,1
636,4778,2746,6587,3755,0,Radiant,0
637,2473,2799,3015,3677,0,Dire,1
638,5428,2424,8661,3202,0,Radiant,0
639,5809,3790,11775,5479,0,Radiant,1
640,6652,3036,13922,3844,0,Radiant,1
641,3066,2549,3144,3425,0,Draw,1
642,3689,2595,4711,3491,0,Radiant,0
643,4989,2665,4812,2876,0,Radiant,0
644,2983,2562,3774,3430,0,Radiant,0
645,3261,2134,4390,2404,1,Radiant,0
646,1849,2273,2334,3367,0,Dire,0
647,2395,2042,3089,3054,0,Radiant,0
648,2162,4030,2681,3901,0,Dire,0
649,2391,2397,2446,3099,0,Dire,1
650,2885,2469,4349,3379,0,Radiant,1
651,3024,3405,3914,3835,0,Draw,1
652,558,2747,880,3445,0,Dire,1
653,2615,2069,3533,2585,1,Radiant,1
654,5391,2804,8243,3541,0,Radiant,0
655,2169,2123,2953,3061,0,Draw,0
656,1868,3165,2454,3798,1,Dire,0
657,3010,2755,4119,3942,0,Radiant,1
658,2501,601,3709,499,0,Radiant,0
659,2598,2875,3366,4168,0,Dire,1
660,2571,2578,3268,3188,1,Draw,1
661,2906,5132,4051,9503,0,Dire,1
662,2291,2782,2787,2897,0,Dire,1
663,3475,2774,3925,3713,0,Radiant,1
664,2743,5082,3699,9073,0,Dire,1
665,2812,4599,3740,7328,0,Dire,0
666,5368,2648,9339,3746,0,Radiant,1
667,2824,2568,4068,3260,1,Radiant,1
668,5702,2703,7880,3795,0,Radiant,1
669,2878,2314,3893,3094,0,Radiant,0
670,2615,2742,3504,3247,0,Draw,0
671,6560,5985,9339,8815,0,Radiant,0
672,751,3319,399,3130,1,Dire,0
673,2744,1833,4140,2533,0,Radiant,0
674,1647,2139,2276,2453,1,Dire,0
675,2742,2259,1111,2847,0,Draw,1
676,2932,2329,3675,2611,0,Radiant,0
677,5393,3102,9065,3684,0,Radiant,0
678,2941,2972,3142,3794,0,Dire,1
679,3074,4665,3856,8825,0,Dire,1
680,2503,5244,3143,9433,0,Dire,1
681,2899,4349,3769,10281,0,Dire,1
682,5624,2233,8531,2755,1,Radiant,1
683,2385,2631,3076,3815,0,Dire,0
684,2611,2011,2826,2610,0,Radiant,1
685,3393,3144,3973,4388,0,Draw,1
686,2872,2746,3865,4074,0,Draw,1
687,2107,3271,2613,3883,0,Dire,0
688,2443,2479,3064,3694,0,Dire,1
689,2828,2855,2936,3574,1,Dire,1
690,2978,2982,4035,3725,0,Draw,0
691,2469,2690,3479,3797,0,Dire,1
692,2723,2854,3624,3650,0,Dire,0
693,2507,798,3408,386,0,Radiant,1
694,6266,2780,9670,3944,0,Radiant,1
695,5811,2354,9881,2305,1,Radiant,1
696,3131,2937,3530,3607,0,Draw,1
697,2610,3844,3526,5818,0,Dire,1
698,1824,2925,2275,3396,0,Dire,0
699,2586,2889,3848,2237,1,Draw,1
700,5939,5646,7559,9676,0,Draw,0
701,2458,6797,3244,9889,1,Dire,1
702,4075,4509,6826,10155,0,Dire,0
703,3151,3286,3741,3049,0,Draw,1
704,5429,2662,9806,3469,0,Radiant,1
705,2622,2227,3376,3562,0,Draw,1
706,2649,3547,3616,4451,0,Dire,1
707,2124,2665,2376,2668,0,Dire,1
708,2476,2411,3174,3326,0,Draw,0
709,2596,2044,3525,2389,1,Radiant,1
710,2937,2001,4158,2497,1,Radiant,1
711,3357,3232,3509,3905,0,Draw,1
712,2134,2562,3029,3092,1,Dire,0
713,2702,2342,3259,2727,1,Radiant,1
714,2675,5931,3660,9822,0,Dire,0
715,5741,2618,9373,3275,0,Radiant,1
716,2937,2454,3806,3582,0,Radiant,1
717,2957,2670,4066,3610,0,Radiant,1
718,2589,1840,2940,2300,0,Radiant,0
719,2203,2813,2742,3410,0,Dire,0
720,2791,2496,3746,3550,0,Radiant,1
721,2905,2693,4326,3746,0,Radiant,1
722,1829,2082,2380,3194,0,Dire,0
723,2199,5030,2586,7760,0,Dire,0
724,4490,1975,8008,2354,0,Radiant,1
725,2296,5976,2587,9418,0,Dire,0
726,3000,2158,3873,2693,0,Radiant,1
727,2929,2450,3789,3737,0,Radiant,1
728,2423,2892,3624,3803,0,Dire,0
729,2151,2488,3190,3488,0,Dire,0
730,2881,5533,4121,8559,0,Dire,1
731,2705,2933,3644,3495,0,Draw,1
732,1930,5207,2206,11694,1,Dire,0
733,3053,3208,3641,3346,0,Draw,1
734,2372,2902,3172,3011,1,Draw,0
735,2275,6702,2833,10938,1,Dire,0
736,2988,2848,3835,3086,0,Radiant,0
737,2669,3264,3502,3804,0,Dire,0
738,2349,6468,3228,9171,0,Dire,0
739,2958,2285,3820,3024,0,Radiant,0
740,2601,5556,3397,8651,0,Dire,0
741,2447,2050,1487,2683,1,Draw,0
742,2682,3412,3551,3811,0,Dire,0
743,2974,4401,4322,6607,0,Dire,0
744,2910,2726,4210,4114,0,Radiant,1
745,3012,642,4194,379,0,Radiant,1
746,2802,3027,3794,3674,0,Draw,1
747,6292,1866,9119,2731,0,Radiant,1
748,4790,2739,7499,4025,0,Radiant,0
749,2661,2853,3494,3611,0,Dire,1
750,2999,3072,4099,3752,0,Draw,1
751,2690,2773,3530,3782,0,Dire,1
752,2977,1881,2716,2130,0,Radiant,1
753,1945,2944,2377,3479,0,Dire,0
754,5106,4212,7512,7204,0,Radiant,1
755,2831,2131,3315,2813,0,Radiant,0
756,4075,2065,7388,2539,0,Radiant,0
757,2438,2340,3419,3049,0,Radiant,0
758,3618,2868,2700,4082,0,Draw,1
759,5879,748,9221,582,0,Radiant,1
760,3118,3089,3874,4011,0,Draw,0
761,2582,2316,3640,3153,0,Radiant,1
762,5384,2512,9922,2770,1,Radiant,1
763,2703,2457,4083,3812,0,Radiant,1
764,3592,3287,4441,4367,0,Radiant,0
765,5618,2686,9507,3937,1,Radiant,1
766,2962,6418,3734,9557,0,Dire,1
767,2643,3110,2856,3270,0,Dire,1
768,2987,2777,3672,3580,1,Radiant,1
769,3169,2725,3629,3494,0,Radiant,1
770,6523,4230,9097,4403,0,Radiant,1
771,2838,2823,3629,3668,0,Draw,1
772,2870,2348,3293,3384,0,Draw,0
773,4401,2342,8199,3010,0,Radiant,1
774,2213,1798,3016,1932,0,Radiant,0
775,2334,2583,3207,3520,0,Dire,0
776,2257,5584,2756,8869,0,Dire,0
777,2676,2830,3597,4233,0,Dire,1
778,2500,2775,3001,3899,0,Dire,0
779,2739,2767,3609,3863,0,Dire,0
780,2902,5272,4431,7994,0,Dire,1
781,2733,6371,4052,9566,0,Dire,1
782,4624,1870,3674,2281,0,Radiant,1
783,3285,3781,4259,3656,1,Draw,1
784,5791,2902,8652,3780,0,Radiant,1
785,3083,2367,4120,2994,0,Radiant,1
786,2299,3670,3359,4961,0,Dire,0
787,2855,2479,2756,2683,0,Radiant,1
788,2901,2728,4147,3237,0,Radiant,1
789,1794,2513,2079,3136,0,Dire,0
790,6403,3039,8943,4228,0,Radiant,1
791,2491,2739,3328,4036,0,Dire,0
792,3252,4868,4016,9026,0,Dire,0
793,2979,2733,4369,3758,0,Radiant,0
794,3208,5213,3867,8670,0,Dire,1
795,5642,2643,10372,3619,0,Radiant,0
796,2591,2223,3240,2806,1,Radiant,1
797,2362,5250,2706,8944,0,Dire,0
798,2439,3052,3340,3994,0,Dire,0
799,3560,2520,4990,3117,0,Radiant,1
800,2523,2710,3884,3787,0,Draw,0
801,5663,4421,9213,7725,0,Radiant,1
802,3008,1993,3577,2729,0,Radiant,1
803,2342,1944,3081,2380,1,Radiant,0
804,2373,5456,3049,8650,0,Dire,0
805,1620,2180,1770,2142,0,Dire,0
806,2559,2671,3807,3393,0,Draw,0
807,3215,2657,3693,3788,0,Draw,1
808,2934,2314,3457,2683,0,Radiant,0
809,5102,2913,7761,3906,0,Radiant,1
810,5768,2955,9142,4222,0,Radiant,1
811,2087,2937,2752,3831,0,Dire,0
812,3135,2912,4056,4091,0,Draw,1
813,2878,2974,3831,3478,0,Draw,0
814,3441,2434,3916,3156,1,Radiant,1
815,2757,2707,3887,3839,0,Radiant,1
816,1820,2935,2068,3676,0,Dire,0
817,2898,5706,3974,7533,0,Dire,1
818,5675,2431,8630,3022,0,Radiant,1
819,2827,2811,3498,3543,0,Draw,1
820,2494,3131,3770,3702,0,Draw,0
821,2435,2661,3551,3840,1,Dire,0
822,2073,2427,1616,3058,0,Dire,0
823,2694,2749,3790,4392,0,Dire,0
824,2623,3059,3506,3371,0,Draw,1
825,1912,2959,2442,3857,0,Dire,0
826,3233,2833,3941,3539,0,Radiant,1
827,2570,3616,3931,4238,0,Dire,0
828,2491,1922,3523,2613,0,Radiant,1
829,5076,2739,8234,3075,0,Radiant,0
830,2267,6073,2711,8838,0,Dire,0
831,2910,2543,3754,3357,0,Radiant,1
832,2326,2260,3189,3677,0,Draw,0
833,2681,1922,3286,3588,0,Draw,1
834,3988,2753,7237,3629,0,Radiant,0
835,2766,2445,2829,3435,0,Draw,1
836,2919,2852,3664,3456,0,Radiant,1
837,3197,2638,4140,2969,0,Radiant,1
838,2669,2457,3794,3011,1,Radiant,0
839,2802,2765,3696,4002,0,Draw,1
840,2448,5237,3423,7370,0,Dire,1
841,2609,2905,3917,3544,0,Draw,1
842,3171,3165,3716,4131,0,Draw,1
843,1880,2865,2216,3498,0,Dire,0
844,6287,3322,9609,3484,0,Radiant,1
845,4900,2577,8235,3304,1,Radiant,0
846,2569,2698,3539,3462,0,Draw,1
847,2282,2986,3270,3924,0,Dire,0
848,2993,1836,3699,2529,1,Radiant,1
849,2971,2772,3665,3758,0,Draw,1
850,2093,2256,2892,2906,1,Dire,0
851,3392,2685,3703,3208,0,Radiant,1
852,2846,2411,3922,2751,0,Radiant,1
853,3107,2492,4279,3526,0,Radiant,1
854,2996,2356,3822,3321,0,Radiant,0
855,2234,6684,3003,9080,0,Dire,0
856,2696,3071,3532,4023,0,Dire,1
857,3050,2953,3511,4128,0,Draw,1
858,3150,2619,3611,3853,0,Draw,1
859,1827,4540,2355,8225,0,Dire,0
860,2595,2216,3446,2879,0,Radiant,0
861,2705,3032,3185,3692,0,Dire,1
862,2685,2697,3569,3312,0,Draw,0
863,2892,2681,3824,3520,0,Radiant,1
864,5922,1961,10252,2775,1,Radiant,1
865,4374,2202,8625,3699,0,Radiant,0
866,6826,2325,9181,3319,0,Radiant,1
867,2487,3033,3552,3973,0,Dire,0
868,2769,2520,3069,3192,0,Draw,1
869,2744,2074,3434,2298,1,Radiant,1
870,2698,2436,2797,3250,0,Draw,1
871,2568,5954,3282,9114,0,Dire,0
872,3895,1997,5565,3155,0,Radiant,1
873,3334,2499,4611,2539,0,Radiant,0
874,3553,2520,7337,4025,1,Radiant,0
875,2893,2548,4023,2195,1,Radiant,0
876,5719,2717,7117,2711,0,Radiant,1
877,4608,2154,6785,3089,0,Radiant,0
878,2592,3041,3384,3510,0,Dire,1
879,2872,2173,3836,3250,0,Radiant,0
880,3002,1803,4084,2264,0,Radiant,0
881,3187,2874,3920,4279,0,Draw,1
882,2537,3288,3632,3350,0,Draw,0
883,2714,3748,3362,7982,0,Dire,1
884,4221,3044,7515,3792,0,Radiant,0
885,2916,2152,4245,2669,1,Radiant,1
886,1716,2174,1970,2788,0,Dire,0
887,3012,3008,3752,3774,0,Draw,1
888,2534,5906,3157,8631,0,Dire,0
889,2951,2479,3465,3514,0,Draw,1
890,2705,2721,3577,3743,0,Dire,1
891,1680,4232,2148,8687,0,Dire,0
892,5649,5232,8050,8879,0,Draw,1
893,3075,3481,4379,3655,0,Draw,1
894,2492,2433,3383,3069,0,Radiant,0
895,2885,2032,4135,2618,0,Radiant,1
896,2820,3306,3181,3658,0,Dire,1
897,2959,2540,4237,3802,0,Radiant,1
898,2391,1818,2487,2388,0,Radiant,1
899,6065,3834,8413,4250,0,Radiant,1
900,2959,2372,3958,2675,0,Radiant,1
901,2221,2863,1868,3126,0,Dire,0
902,2370,2731,2822,3324,1,Dire,1
903,6647,3121,10893,4285,0,Radiant,1
904,2048,2344,2641,2814,0,Dire,0
905,3209,2687,4251,3390,1,Radiant,1
906,5487,2712,8320,3903,0,Radiant,1
907,2625,2720,3751,3379,0,Draw,0
908,2879,2554,3618,3388,0,Radiant,1
909,2235,2330,3123,2841,0,Draw,0
910,4916,2721,6746,3331,0,Radiant,0
911,2526,3046,3027,3460,0,Dire,0
912,2132,2483,2964,3057,0,Dire,0
913,3044,2952,3956,3933,0,Radiant,1
914,3103,2626,3693,2495,0,Radiant,1
915,4344,2759,1749,3717,0,Draw,1
916,2154,2182,2970,3182,0,Dire,0
917,3096,5976,3806,8341,0,Dire,1
918,2547,5428,3553,9503,0,Dire,0
919,2124,5816,1795,9088,0,Dire,0
920,2227,2683,2901,3788,0,Dire,0
921,3141,2171,3645,3165,0,Radiant,1
922,5953,2618,8870,3414,0,Radiant,0
923,2892,2478,4426,2451,0,Radiant,1
924,2475,2919,3045,3720,1,Dire,1
925,2786,3034,4260,3860,0,Draw,1
926,2681,2122,3841,2660,1,Radiant,0
927,2037,2282,2674,2534,0,Draw,0
928,2335,2558,2902,3810,0,Dire,0
929,2472,3315,3227,4641,0,Dire,1
930,2716,5102,3511,8473,0,Dire,1
931,2762,3049,3904,4124,0,Dire,1
932,2865,2377,4001,3074,0,Radiant,0
933,2936,1976,3850,2512,1,Radiant,1
934,3119,2930,3829,3762,0,Radiant,1
935,2832,2639,3607,2874,1,Radiant,0
936,3196,2553,4458,3448,0,Radiant,1
937,3375,2828,3602,2945,1,Radiant,1
938,2426,2016,3349,2433,0,Radiant,0
939,2741,2914,3014,3764,0,Dire,1
940,2798,2070,3562,2577,1,Radiant,1
941,2922,2706,3030,3550,0,Draw,1
942,2381,2961,3140,3663,0,Dire,1
943,1954,2971,2320,3928,0,Dire,0
944,2620,1863,3668,2262,0,Radiant,0
945,2818,2695,4003,3517,0,Radiant,1
946,2773,5575,3507,8112,0,Dire,1
947,2746,2747,3680,3945,0,Dire,1
948,3131,3156,3601,4192,0,Dire,1
949,2540,5983,3364,9401,0,Dire,0
950,2993,2971,4009,3868,0,Radiant,1
951,1988,2759,2858,3319,0,Dire,0
952,1961,4279,2161,8885,1,Dire,0
953,2765,2612,3472,3540,0,Draw,1
954,1603,5786,2287,6964,0,Dire,0
955,2764,5915,3372,9107,0,Dire,1
956,2643,1394,3520,1522,1,Radiant,0
957,3054,2645,4306,3218,0,Radiant,1
958,5552,2905,8718,4171,0,Radiant,1
959,2648,3109,3252,3762,0,Dire,1
960,2679,2995,3258,3972,1,Dire,1
961,5175,2623,7685,3126,1,Radiant,1
962,3105,2508,3394,226,1,Radiant,1
963,2893,2880,3853,4070,0,Draw,1
964,6166,2541,8177,4247,0,Radiant,1
965,2221,3061,2679,3713,1,Dire,0
966,2142,2692,2799,3578,0,Dire,0
967,2350,2498,2808,3268,0,Dire,0
968,2013,2820,2654,3647,0,Dire,0
969,2841,1915,3654,2245,0,Radiant,1
970,1935,2030,1561,2334,0,Dire,0
971,2523,2341,3859,2671,0,Radiant,0
972,5662,3709,10185,6948,0,Radiant,1
973,3115,3191,3729,3885,0,Dire,0
974,4105,2585,8070,3739,0,Radiant,0
975,2509,3026,3304,4042,0,Dire,1
976,2945,2816,4342,3604,0,Radiant,1
977,2911,824,3428,574,0,Radiant,0
978,3735,6110,5702,8822,0,Dire,0
979,2809,2732,3729,2989,0,Radiant,0
980,2758,2480,3655,3296,1,Radiant,1
981,2096,2132,2437,2422,1,Draw,0
982,4410,4631,6374,8169,0,Dire,0
983,2525,2241,3550,3106,0,Radiant,0
984,3033,2540,4005,2897,1,Radiant,1
985,2881,2842,4300,3925,0,Radiant,0
986,3193,2497,3393,3445,0,Draw,0
987,2492,2629,3539,3155,1,Draw,1
988,2800,2581,3886,3557,0,Radiant,1
989,2777,2741,3620,3808,0,Draw,1
990,2048,5735,2625,9554,0,Dire,0
991,1691,2450,2071,3507,0,Dire,0
992,6138,2376,9793,2656,0,Radiant,1
993,2369,2653,3187,3838,0,Dire,0
994,2752,2693,3032,2861,0,Radiant,1
995,2876,4589,3795,8859,0,Dire,0
996,2463,2639,2260,3596,0,Dire,1
997,2181,2670,2539,3402,1,Dire,0
998,2583,1605,4022,1779,0,Radiant,1
999,6046,2753,8197,3633,0,Radiant,1
